ID,Se1,Se2,Se3,Se4,Se5,He1,He2,He3,Tra1,Tra2,Tra3,Tra4,Tra5,Qu1,Qu2,Qu3,Qu4,Pr1,Pr2,Pr3,Co1,Co2,Co3,Co4,phu.quoc,phan.thiet,nam.ngu,hanh.phuc,thanh.phong,de.nhi,chinsu,co.hau,hung.thinh,ba.mien,cholimex ,nha.trang,hong.thanh,khai.hoan,thien.huong,tu.tuyet,lien.thanh,bao.bi,tan.xuat,Itema1,Itema2,Itema3,Itema4,Itema5,Itema6,Itemc1,Itemc2,Itemc3,Itemc4,Itemc5,Itemc6,birthyear,native.village,gender,job,educationlevel,age,age.range
KS2_1,3,4,5,3,5,4,5,3,3,3,3,3,3,5,3,4,4,3,3,3,4,3,3,3,kh.pq,kh.pt,nam.ngu,kh.hp,kh.tp,kh.dnhi,kh.cs,kh.ch,kh.ht,kh.bm,kh.cho,kh.nt,kh.hthanh,kh.kh,kh.th,kh.tt,kh.lt,nhua,tr.binh,3,3,3,3,3,3,4,4,3,3,3,3,1994,North,male,full.time,university,25,25_35t
KS2_2,4,4,3,3,3,4,5,4,5,5,4,5,4,3,3,4,3,3,1,5,4,4,3,3,kh.pq,kh.pt,kh.nn,hanh.phuc,kh.tp,kh.dnhi,kh.cs,kh.ch,kh.ht,kh.bm,kh.cho,kh.nt,kh.hthanh,kh.kh,kh.th,kh.tt,kh.lt,thuy.tinh,t.xuyen,5,5,5,5,5,3,5,5,1,5,5,4,1973,North,male,full.time,university,46,>35t
KS2_3,5,5,5,4,5,3,5,3,5,3,4,5,5,4,5,5,5,3,1,3,3,4,4,3,kh.pq,kh.pt,nam.ngu,kh.hp,kh.tp,kh.dnhi,kh.cs,kh.ch,kh.ht,kh.bm,kh.cho,kh.nt,kh.hthanh,kh.kh,kh.th,kh.tt,kh.lt,thuy.tinh,tr.binh,3,2,2,5,5,3,1,5,3,5,5,4,1976,South,male,full.time,university,43,>35t
KS2_4,4,4,3,3,4,4,4,4,5,4,4,4,4,5,3,3,2,3,2,4,4,4,4,4,kh.pq,kh.pt,kh.nn,hanh.phuc,thanh.phong,kh.dnhi,kh.cs,kh.ch,kh.ht,kh.bm,kh.cho,kh.nt,kh.hthanh,kh.kh,kh.th,kh.tt,kh.lt,thuy.tinh,t.xuyen,5,5,5,5,4,5,4,4,3,4,4,5,1987,Middle,male,full.time,university,32,25_35t
KS2_5,4,4,3,3,3,4,5,5,5,4,4,5,4,3,3,4,3,4,5,5,4,5,5,5,kh.pq,kh.pt,nam.ngu,kh.hp,kh.tp,kh.dnhi,kh.cs,kh.ch,kh.ht,kh.bm,kh.cho,kh.nt,kh.hthanh,kh.kh,kh.th,kh.tt,kh.lt,nhua,t.xuyen,5,5,5,5,5,5,4,5,5,4,5,5,1986,South,male,full.time,university,33,25_35t
KS2_6,4,3,4,4,4,4,5,4,4,4,4,5,3,5,5,4,4,4,4,5,5,4,5,5,kh.pq,kh.pt,kh.nn,kh.hp,kh.tp,kh.dnhi,kh.cs,kh.ch,kh.ht,kh.bm,kh.cho,kh.nt,kh.hthanh,kh.kh,kh.th,kh.tt,lien.thanh,thuy.tinh,t.xuyen,5,4,4,5,3,4,5,5,4,4,4,5,1970,Middle,male,full.time,university,49,>35t
KS2_7,4,4,3,3,3,5,5,4,4,4,4,5,4,5,5,4,3,4,2,4,4,4,4,5,kh.pq,kh.pt,kh.nn,kh.hp,kh.tp,de.nhi,kh.cs,kh.ch,kh.ht,kh.bm,kh.cho,kh.nt,kh.hthanh,kh.kh,kh.th,kh.tt,kh.lt,nhua,t.xuyen,5,4,4,4,5,4,5,3,3,4,5,5,1995,South,male,part.time,university,24,20_24t
KS2_8,4,4,3,3,3,4,5,4,5,1,3,5,5,5,4,4,4,5,3,5,5,4,5,5,kh.pq,kh.pt,nam.ngu,kh.hp,kh.tp,kh.dnhi,kh.cs,kh.ch,kh.ht,kh.bm,kh.cho,kh.nt,kh.hthanh,kh.kh,kh.th,kh.tt,kh.lt,nhua,t.xuyen,4,5,5,3,5,4,4,4,3,4,4,5,1989,Middle,male,full.time,university,30,25_35t
KS2_9,4,4,5,4,5,5,5,4,5,4,5,5,3,5,4,4,3,5,5,5,4,4,4,5,phu.quoc,kh.pt,kh.nn,kh.hp,kh.tp,kh.dnhi,chinsu,kh.ch,kh.ht,kh.bm,kh.cho,kh.nt,kh.hthanh,kh.kh,kh.th,kh.tt,kh.lt,thuy.tinh,tr.binh,5,5,5,5,5,5,5,4,5,5,5,5,1981,South,male,full.time,university,38,>35t
KS2_10,5,4,4,5,4,3,3,3,5,4,4,5,3,3,4,3,4,4,3,4,4,4,2,2,kh.pq,kh.pt,kh.nn,kh.hp,kh.tp,kh.dnhi,kh.cs,co.hau,kh.ht,kh.bm,kh.cho,kh.nt,kh.hthanh,kh.kh,kh.th,kh.tt,kh.lt,nhua,t.xuyen,3,5,5,4,5,3,4,5,5,4,5,4,1986,Middle,male,full.time,university,33,25_35t
KS2_11,4,4,3,3,4,4,4,4,5,4,4,4,4,5,5,3,3,5,4,5,4,4,4,5,kh.pq,kh.pt,kh.nn,kh.hp,kh.tp,kh.dnhi,kh.cs,kh.ch,hung.thinh,kh.bm,kh.cho,kh.nt,kh.hthanh,kh.kh,kh.th,kh.tt,kh.lt,thuy.tinh,t.xuyen,5,5,5,4,5,5,4,4,4,4,4,4,1981,South,male,full.time,university,38,>35t
KS2_12,5,3,3,4,3,5,5,5,4,4,4,4,4,5,3,5,3,4,4,5,5,5,5,5,kh.pq,kh.pt,kh.nn,kh.hp,kh.tp,kh.dnhi,kh.cs,kh.ch,hung.thinh,kh.bm,kh.cho,kh.nt,kh.hthanh,kh.kh,kh.th,kh.tt,kh.lt,thuy.tinh,t.xuyen,3,4,4,4,4,5,4,4,4,4,4,5,1974,South,female,full.time,university,45,>35t
KS2_13,4,4,4,5,4,4,2,4,4,4,4,4,4,4,4,5,4,3,4,3,3,4,4,4,kh.pq,kh.pt,kh.nn,kh.hp,kh.tp,kh.dnhi,kh.cs,kh.ch,hung.thinh,kh.bm,kh.cho,kh.nt,kh.hthanh,kh.kh,kh.th,kh.tt,kh.lt,thuy.tinh,t.xuyen,4,4,5,4,4,4,4,4,3,4,3,3,1974,South,male,full.time,university,45,>35t
KS2_14,4,4,3,3,3,3,5,4,5,3,5,4,3,4,4,5,2,4,3,5,5,5,5,5,kh.pq,kh.pt,kh.nn,kh.hp,kh.tp,kh.dnhi,chinsu,kh.ch,kh.ht,kh.bm,kh.cho,kh.nt,kh.hthanh,kh.kh,kh.th,kh.tt,kh.lt,thuy.tinh,tr.binh,3,4,3,5,4,5,5,4,3,3,5,5,1995,North,male,full.time,university,24,20_24t
KS2_15,5,4,4,4,5,3,3,4,4,3,2,3,4,4,4,3,4,3,3,4,4,4,3,3,kh.pq,kh.pt,kh.nn,kh.hp,kh.tp,kh.dnhi,chinsu,kh.ch,kh.ht,kh.bm,kh.cho,kh.nt,kh.hthanh,kh.kh,kh.th,kh.tt,kh.lt,nhua,tr.binh,4,2,5,4,3,3,4,2,3,3,4,5,1979,South,male,full.time,university,40,>35t
KS2_16,5,5,4,4,4,3,4,4,3,4,3,3,5,5,5,5,4,4,4,3,4,3,4,3,kh.pq,kh.pt,nam.ngu,kh.hp,kh.tp,kh.dnhi,kh.cs,kh.ch,kh.ht,kh.bm,kh.cho,kh.nt,kh.hthanh,kh.kh,kh.th,kh.tt,kh.lt,nhua,tr.binh,4,3,4,5,3,3,5,4,5,5,5,5,1995,South,male,full.time,university,24,20_24t
KS2_17,3,4,3,3,3,3,4,3,4,3,4,4,4,5,4,4,3,3,3,3,3,4,4,4,phu.quoc,kh.pt,kh.nn,kh.hp,kh.tp,kh.dnhi,kh.cs,kh.ch,kh.ht,kh.bm,kh.cho,kh.nt,kh.hthanh,kh.kh,kh.th,kh.tt,kh.lt,nhua,t.xuyen,3,3,4,3,3,4,4,3,3,4,4,4,1979,Middle,male,full.time,university,40,>35t
KS2_18,5,5,5,4,5,4,4,4,4,5,5,5,4,5,5,5,2,4,2,4,4,4,4,4,kh.pq,kh.pt,kh.nn,kh.hp,kh.tp,kh.dnhi,kh.cs,kh.ch,hung.thinh,kh.bm,kh.cho,kh.nt,kh.hthanh,kh.kh,kh.th,kh.tt,kh.lt,thuy.tinh,tr.binh,4,4,4,3,4,5,4,4,2,5,5,4,1975,North,male,full.time,university,44,>35t
KS2_19,5,5,3,4,3,4,4,3,4,3,4,4,3,5,3,5,3,3,2,5,2,4,4,5,kh.pq,kh.pt,nam.ngu,kh.hp,kh.tp,kh.dnhi,kh.cs,kh.ch,kh.ht,kh.bm,kh.cho,kh.nt,kh.hthanh,kh.kh,kh.th,kh.tt,kh.lt,nhua,t.xuyen,1,2,2,3,4,4,4,4,2,4,5,5,1995,South,female,student,university,24,20_24t
KS2_20,5,5,4,4,3,3,5,4,3,1,3,2,1,4,4,3,3,5,4,5,3,3,4,4,kh.pq,kh.pt,kh.nn,kh.hp,kh.tp,kh.dnhi,kh.cs,kh.ch,kh.ht,kh.bm,kh.cho,kh.nt,kh.hthanh,kh.kh,kh.th,kh.tt,lien.thanh,thuy.tinh,t.xuyen,4,5,1,5,5,4,4,3,4,5,5,5,1978,South,male,full.time,university,41,>35t
KS2_21,4,5,3,4,3,3,4,3,3,3,3,4,3,2,4,3,3,4,3,4,4,3,3,4,kh.pq,kh.pt,kh.nn,kh.hp,kh.tp,kh.dnhi,kh.cs,kh.ch,kh.ht,kh.bm,kh.cho,kh.nt,kh.hthanh,kh.kh,kh.th,kh.tt,lien.thanh,thuy.tinh,t.xuyen,4,4,4,4,4,4,5,5,4,4,4,5,1978,Middle,female,full.time,university,41,>35t
KS2_22,5,5,5,5,5,5,5,4,5,5,5,5,3,4,3,5,3,3,3,5,4,3,3,3,kh.pq,kh.pt,kh.nn,kh.hp,kh.tp,kh.dnhi,kh.cs,kh.ch,hung.thinh,kh.bm,kh.cho,kh.nt,kh.hthanh,kh.kh,kh.th,kh.tt,kh.lt,thuy.tinh,t.xuyen,4,5,4,5,5,5,5,5,3,4,5,5,1995,Middle,female,full.time,university,24,20_24t
KS2_23,5,5,3,5,3,3,5,3,3,3,4,4,3,3,4,5,3,4,2,4,3,4,3,3,kh.pq,kh.pt,nam.ngu,kh.hp,kh.tp,kh.dnhi,chinsu,kh.ch,kh.ht,kh.bm,kh.cho,kh.nt,kh.hthanh,kh.kh,kh.th,kh.tt,kh.lt,nhua,t.xuyen,4,4,2,3,4,4,5,4,3,4,4,3,1995,South,male,full.time,university,24,20_24t
KS2_24,4,3,3,4,3,3,3,4,5,4,3,3,4,2,3,2,2,3,4,2,4,4,4,4,kh.pq,kh.pt,nam.ngu,kh.hp,kh.tp,kh.dnhi,kh.cs,kh.ch,kh.ht,kh.bm,kh.cho,kh.nt,kh.hthanh,kh.kh,kh.th,kh.tt,kh.lt,nhua,tr.binh,5,3,5,3,2,4,3,2,4,2,3,4,1996,Middle,female,full.time,university,23,20_24t
KS2_25,4,4,3,3,3,4,4,2,3,2,4,4,2,5,3,3,2,4,2,4,3,3,3,4,kh.pq,kh.pt,kh.nn,kh.hp,kh.tp,kh.dnhi,kh.cs,kh.ch,kh.ht,kh.bm,kh.cho,nha.trang,kh.hthanh,kh.kh,kh.th,kh.tt,kh.lt,thuy.tinh,t.xuyen,4,4,4,4,4,4,3,3,2,4,4,4,1965,Middle,female,full.time,university,54,>35t
KS2_26,4,4,4,4,3,4,5,5,4,4,5,5,5,4,4,5,3,4,4,5,5,5,5,5,kh.pq,kh.pt,nam.ngu,kh.hp,kh.tp,kh.dnhi,kh.cs,kh.ch,kh.ht,kh.bm,kh.cho,kh.nt,kh.hthanh,kh.kh,kh.th,kh.tt,kh.lt,nhua,t.xuyen,4,4,4,3,5,5,5,5,4,4,5,5,1984,Middle,male,full.time,university,35,25_35t
KS2_27,4,3,3,3,3,4,5,4,5,4,4,5,5,3,3,3,3,4,3,4,4,4,5,4,kh.pq,phan.thiet,kh.nn,kh.hp,kh.tp,kh.dnhi,kh.cs,kh.ch,kh.ht,kh.bm,kh.cho,kh.nt,kh.hthanh,kh.kh,kh.th,kh.tt,kh.lt,thuy.tinh,t.xuyen,5,4,3,2,3,3,4,4,4,4,4,4,1978,Middle,female,full.time,university,41,>35t
KS2_28,4,4,4,4,4,4,3,5,4,4,4,5,5,5,5,4,4,3,3,4,5,4,5,5,phu.quoc,kh.pt,nam.ngu,kh.hp,kh.tp,kh.dnhi,kh.cs,kh.ch,kh.ht,kh.bm,kh.cho,kh.nt,kh.hthanh,kh.kh,kh.th,kh.tt,kh.lt,thuy.tinh,tr.binh,3,5,5,5,4,5,5,5,4,4,4,4,1982,South,male,full.time,university,37,>35t
KS2_29,5,5,5,4,5,4,3,3,4,4,4,5,3,4,4,5,4,3,3,4,1,3,3,3,phu.quoc,phan.thiet,nam.ngu,kh.hp,kh.tp,kh.dnhi,kh.cs,kh.ch,hung.thinh,kh.bm,kh.cho,kh.nt,kh.hthanh,kh.kh,kh.th,kh.tt,kh.lt,thuy.tinh,t.xuyen,3,4,2,5,4,3,4,4,2,5,4,4,1978,South,female,full.time,university,41,>35t
KS2_30,3,3,4,3,4,4,4,5,5,5,5,5,5,5,5,5,3,5,4,5,5,5,5,5,kh.pq,kh.pt,kh.nn,kh.hp,kh.tp,kh.dnhi,chinsu,kh.ch,kh.ht,kh.bm,kh.cho,kh.nt,kh.hthanh,kh.kh,kh.th,kh.tt,kh.lt,thuy.tinh,t.xuyen,4,5,5,5,5,5,5,5,5,5,4,5,1992,Middle,male,full.time,university,27,25_35t
KS2_31,3,3,3,3,3,4,4,2,5,3,4,4,2,3,3,3,5,4,3,5,4,3,4,5,kh.pq,kh.pt,kh.nn,kh.hp,kh.tp,kh.dnhi,kh.cs,kh.ch,hung.thinh,kh.bm,kh.cho,kh.nt,kh.hthanh,kh.kh,kh.th,kh.tt,kh.lt,thuy.tinh,t.xuyen,5,4,4,4,4,5,5,3,3,3,4,4,1995,South,female,full.time,university,24,20_24t
KS2_32,3,4,3,3,3,4,4,3,5,3,4,4,2,4,3,4,3,3,3,5,3,3,2,3,kh.pq,kh.pt,nam.ngu,kh.hp,kh.tp,kh.dnhi,kh.cs,kh.ch,kh.ht,kh.bm,kh.cho,kh.nt,kh.hthanh,kh.kh,kh.th,kh.tt,kh.lt,nhua,t.xuyen,5,4,3,5,5,5,5,3,3,3,5,5,1995,South,female,full.time,university,24,20_24t
KS2_33,5,5,4,5,4,3,5,5,4,4,5,3,2,4,5,5,5,3,2,4,2,2,3,1,kh.pq,phan.thiet,kh.nn,kh.hp,kh.tp,kh.dnhi,kh.cs,kh.ch,hung.thinh,kh.bm,kh.cho,kh.nt,kh.hthanh,kh.kh,kh.th,kh.tt,kh.lt,thuy.tinh,t.xuyen,4,4,5,4,4,3,4,5,3,4,4,2,1980,South,male,full.time,university,39,>35t
KS2_34,3,4,4,3,4,3,5,3,5,3,3,3,3,3,4,5,3,5,5,5,5,3,5,5,kh.pq,kh.pt,nam.ngu,kh.hp,kh.tp,kh.dnhi,kh.cs,kh.ch,kh.ht,kh.bm,kh.cho,kh.nt,kh.hthanh,kh.kh,kh.th,kh.tt,kh.lt,nhua,t.xuyen,5,5,3,5,5,5,5,5,5,5,5,3,1993,South,male,full.time,university,26,25_35t
KS2_35,5,5,5,5,4,4,4,4,3,4,4,4,3,4,5,5,5,4,3,4,4,4,3,4,phu.quoc,kh.pt,nam.ngu,kh.hp,kh.tp,kh.dnhi,kh.cs,kh.ch,kh.ht,kh.bm,kh.cho,kh.nt,kh.hthanh,kh.kh,kh.th,kh.tt,kh.lt,thuy.tinh,t.xuyen,3,4,2,3,3,3,4,4,4,4,4,4,1993,Middle,male,full.time,university,26,25_35t
KS2_36,5,4,4,4,4,4,4,4,4,3,4,5,3,4,3,4,3,4,3,4,3,4,3,4,kh.pq,kh.pt,kh.nn,kh.hp,kh.tp,kh.dnhi,kh.cs,kh.ch,hung.thinh,kh.bm,kh.cho,kh.nt,kh.hthanh,kh.kh,kh.th,kh.tt,kh.lt,thuy.tinh,t.xuyen,4,2,3,5,3,3,5,4,3,4,5,5,1974,South,male,full.time,university,45,>35t
KS2_37,4,3,3,3,3,5,5,3,5,3,5,4,4,5,2,3,2,4,4,5,4,3,5,3,kh.pq,kh.pt,kh.nn,kh.hp,kh.tp,kh.dnhi,chinsu,kh.ch,kh.ht,kh.bm,kh.cho,kh.nt,kh.hthanh,kh.kh,kh.th,kh.tt,kh.lt,thuy.tinh,t.xuyen,5,3,5,5,4,5,5,5,4,3,5,5,1983,Middle,male,full.time,university,36,>35t
KS2_38,4,4,3,3,3,5,5,3,3,5,5,3,5,4,5,5,3,3,3,5,5,3,5,5,kh.pq,kh.pt,kh.nn,hanh.phuc,kh.tp,kh.dnhi,kh.cs,kh.ch,kh.ht,kh.bm,kh.cho,kh.nt,kh.hthanh,kh.kh,kh.th,kh.tt,kh.lt,thuy.tinh,t.xuyen,4,4,4,5,4,4,5,5,4,5,5,5,1980,South,female,full.time,university,39,>35t
KS2_39,3,3,3,3,3,4,4,4,5,4,4,4,4,3,3,3,3,1,3,5,4,4,4,5,phu.quoc,kh.pt,nam.ngu,kh.hp,kh.tp,kh.dnhi,kh.cs,kh.ch,kh.ht,kh.bm,kh.cho,kh.nt,kh.hthanh,kh.kh,kh.th,kh.tt,kh.lt,thuy.tinh,t.xuyen,3,3,4,4,4,4,4,4,3,4,4,5,1995,South,male,full.time,university,24,20_24t
KS2_40,4,4,4,4,4,4,4,3,4,5,5,4,4,4,3,4,3,4,3,4,4,4,4,5,phu.quoc,kh.pt,kh.nn,kh.hp,kh.tp,kh.dnhi,kh.cs,kh.ch,kh.ht,kh.bm,kh.cho,kh.nt,kh.hthanh,kh.kh,kh.th,kh.tt,kh.lt,thuy.tinh,t.xuyen,3,4,4,4,4,4,4,4,4,5,5,5,1996,South,female,full.time,university,23,20_24t
KS2_41,4,5,3,5,3,4,4,4,3,4,4,4,4,3,2,5,4,4,3,4,4,4,4,4,phu.quoc,kh.pt,kh.nn,kh.hp,kh.tp,kh.dnhi,kh.cs,kh.ch,kh.ht,kh.bm,kh.cho,kh.nt,kh.hthanh,kh.kh,kh.th,kh.tt,kh.lt,thuy.tinh,t.xuyen,3,3,4,3,3,3,4,4,4,5,5,5,1983,Middle,female,full.time,university,36,>35t
KS2_42,4,3,5,5,5,5,5,2,3,3,2,5,3,4,3,5,4,2,2,5,5,4,5,5,phu.quoc,kh.pt,nam.ngu,kh.hp,kh.tp,kh.dnhi,kh.cs,kh.ch,kh.ht,kh.bm,kh.cho,kh.nt,kh.hthanh,kh.kh,kh.th,kh.tt,kh.lt,thuy.tinh,t.xuyen,4,5,5,5,3,5,4,4,4,3,2,5,1995,South,male,full.time,university,24,20_24t
KS2_43,3,3,3,3,3,4,4,3,5,3,4,5,4,3,4,4,3,4,3,4,3,4,3,4,kh.pq,kh.pt,nam.ngu,kh.hp,kh.tp,kh.dnhi,kh.cs,kh.ch,kh.ht,kh.bm,kh.cho,kh.nt,kh.hthanh,kh.kh,kh.th,kh.tt,kh.lt,nhua,t.xuyen,3,3,4,4,5,4,4,3,3,4,4,5,1997,South,female,part.time,university,22,20_24t
KS2_44,3,3,3,3,3,2,2,3,4,3,4,2,3,4,4,4,4,3,2,3,4,4,5,5,kh.pq,kh.pt,nam.ngu,kh.hp,kh.tp,kh.dnhi,kh.cs,kh.ch,kh.ht,kh.bm,kh.cho,kh.nt,kh.hthanh,kh.kh,kh.th,kh.tt,kh.lt,nhua,t.xuyen,3,4,5,4,4,4,5,3,4,4,4,5,1995,South,male,full.time,university,24,20_24t
KS2_45,5,4,5,5,4,5,4,3,4,4,4,4,3,3,5,5,5,3,4,4,4,4,3,3,kh.pq,kh.pt,nam.ngu,kh.hp,kh.tp,kh.dnhi,kh.cs,kh.ch,kh.ht,kh.bm,kh.cho,kh.nt,kh.hthanh,kh.kh,kh.th,kh.tt,kh.lt,nhua,tr.binh,4,3,5,4,4,3,5,5,4,5,4,5,1997,South,female,full.time,university,22,20_24t
KS2_46,4,4,3,5,3,4,3,4,4,4,3,4,4,4,4,4,3,3,4,3,4,3,3,4,kh.pq,kh.pt,nam.ngu,kh.hp,kh.tp,kh.dnhi,kh.cs,kh.ch,kh.ht,kh.bm,kh.cho,kh.nt,kh.hthanh,kh.kh,kh.th,kh.tt,kh.lt,nhua,tr.binh,4,4,3,3,5,3,5,4,4,4,3,5,1996,Middle,female,student,university,23,20_24t
KS2_47,5,5,5,5,5,5,3,5,5,5,5,5,5,5,5,5,4,4,4,4,4,4,4,4,kh.pq,kh.pt,kh.nn,kh.hp,kh.tp,kh.dnhi,kh.cs,kh.ch,kh.ht,kh.bm,kh.cho,kh.nt,hong.thanh,kh.kh,kh.th,kh.tt,kh.lt,nhua,t.xuyen,5,5,5,3,4,4,5,5,4,5,5,3,1995,South,female,full.time,university,24,20_24t
KS2_48,5,5,3,3,3,5,3,3,4,4,4,4,4,3,3,5,3,5,4,5,4,3,5,4,kh.pq,kh.pt,kh.nn,kh.hp,kh.tp,de.nhi,chinsu,kh.ch,kh.ht,kh.bm,kh.cho,kh.nt,kh.hthanh,kh.kh,kh.th,kh.tt,kh.lt,nhua,t.xuyen,4,4,4,3,5,4,4,3,5,4,5,4,1995,North,female,full.time,university,24,20_24t
KS2_49,4,5,3,3,3,3,4,5,4,5,5,5,4,4,3,4,3,3,2,5,5,5,3,4,kh.pq,kh.pt,kh.nn,kh.hp,kh.tp,kh.dnhi,kh.cs,kh.ch,kh.ht,kh.bm,kh.cho,kh.nt,kh.hthanh,khai.hoan,kh.th,kh.tt,kh.lt,nhua,t.xuyen,3,5,5,5,3,3,5,4,5,3,4,4,1995,South,female,full.time,university,24,20_24t
KS2_50,4,3,4,4,4,4,5,5,4,4,5,5,4,5,4,5,3,3,3,4,4,4,4,4,kh.pq,kh.pt,nam.ngu,kh.hp,kh.tp,kh.dnhi,kh.cs,kh.ch,kh.ht,kh.bm,kh.cho,kh.nt,kh.hthanh,kh.kh,kh.th,kh.tt,kh.lt,nhua,tr.binh,5,5,5,5,3,4,4,3,3,4,5,5,1995,South,female,full.time,university,24,20_24t
KS2_51,4,4,3,2,3,4,4,5,5,3,5,4,3,2,3,3,3,3,4,4,4,3,5,4,kh.pq,kh.pt,kh.nn,kh.hp,kh.tp,kh.dnhi,chinsu,kh.ch,kh.ht,kh.bm,kh.cho,kh.nt,kh.hthanh,kh.kh,kh.th,kh.tt,kh.lt,thuy.tinh,tr.binh,4,5,4,5,4,3,5,5,4,5,5,5,1996,South,male,student,university,23,20_24t
KS2_52,4,4,4,5,4,4,4,4,5,5,5,4,3,4,5,5,3,4,4,5,4,5,5,5,phu.quoc,kh.pt,nam.ngu,kh.hp,kh.tp,kh.dnhi,kh.cs,kh.ch,kh.ht,kh.bm,kh.cho,kh.nt,kh.hthanh,kh.kh,kh.th,kh.tt,kh.lt,nhua,t.xuyen,4,4,5,4,5,5,5,4,4,5,4,4,1997,South,female,student,university,22,20_24t
KS2_53,4,5,4,5,4,5,3,3,4,3,3,3,3,5,5,5,4,3,1,5,3,3,3,4,kh.pq,kh.pt,nam.ngu,kh.hp,kh.tp,kh.dnhi,kh.cs,kh.ch,kh.ht,kh.bm,kh.cho,kh.nt,kh.hthanh,kh.kh,kh.th,kh.tt,kh.lt,nhua,tr.binh,3,5,3,3,4,5,4,3,4,3,4,5,1997,South,female,student,university,22,20_24t
KS2_54,2,3,2,3,2,3,4,3,4,3,3,5,4,3,3,4,2,3,2,2,3,3,3,2,kh.pq,kh.pt,kh.nn,kh.hp,kh.tp,kh.dnhi,kh.cs,kh.ch,kh.ht,kh.bm,kh.cho,kh.nt,kh.hthanh,kh.kh,thien.huong,kh.tt,kh.lt,thuy.tinh,t.xuyen,5,5,3,3,3,4,5,3,3,4,4,5,1997,South,female,student,university,22,20_24t
KS2_55,4,4,4,4,4,5,4,2,4,3,3,3,3,4,4,5,3,4,4,5,4,4,3,3,kh.pq,kh.pt,nam.ngu,kh.hp,kh.tp,kh.dnhi,chinsu,kh.ch,kh.ht,kh.bm,kh.cho,kh.nt,kh.hthanh,kh.kh,kh.th,kh.tt,kh.lt,nhua,t.xuyen,4,4,3,4,4,3,4,3,3,4,4,3,1997,Middle,female,student,university,22,20_24t
KS2_56,4,3,3,4,3,4,4,4,4,3,4,4,3,5,5,4,4,3,3,3,3,3,3,3,kh.pq,kh.pt,nam.ngu,kh.hp,kh.tp,kh.dnhi,kh.cs,kh.ch,kh.ht,kh.bm,kh.cho,kh.nt,kh.hthanh,kh.kh,kh.th,kh.tt,kh.lt,nhua,t.xuyen,5,4,3,3,4,4,4,3,3,4,5,5,1997,South,female,part.time,university,22,20_24t
KS2_57,3,4,4,3,4,3,3,2,4,3,4,4,4,3,3,5,5,3,3,3,3,3,4,5,kh.pq,phan.thiet,kh.nn,kh.hp,kh.tp,kh.dnhi,kh.cs,kh.ch,kh.ht,kh.bm,kh.cho,kh.nt,kh.hthanh,kh.kh,kh.th,kh.tt,kh.lt,thuy.tinh,t.xuyen,3,5,3,3,3,4,5,4,1,5,3,3,1995,South,male,student,university,24,20_24t
KS2_58,5,4,4,4,4,4,4,3,4,5,4,3,3,4,3,5,3,4,3,4,4,4,3,4,phu.quoc,kh.pt,kh.nn,kh.hp,kh.tp,kh.dnhi,kh.cs,kh.ch,kh.ht,kh.bm,kh.cho,kh.nt,kh.hthanh,kh.kh,kh.th,kh.tt,kh.lt,thuy.tinh,t.xuyen,4,5,4,4,4,5,5,3,3,5,5,5,1996,North,female,student,university,23,20_24t
KS2_59,4,4,4,4,3,4,3,4,4,4,4,4,4,4,5,3,4,5,3,5,4,4,4,5,kh.pq,kh.pt,nam.ngu,kh.hp,kh.tp,kh.dnhi,kh.cs,kh.ch,kh.ht,kh.bm,kh.cho,kh.nt,kh.hthanh,kh.kh,kh.th,kh.tt,kh.lt,nhua,tr.binh,3,3,4,4,4,5,5,4,4,4,4,5,1997,South,female,student,university,22,20_24t
KS2_60,5,5,3,5,3,3,4,4,4,4,4,4,4,4,5,5,4,3,3,3,3,4,4,4,phu.quoc,kh.pt,nam.ngu,kh.hp,kh.tp,kh.dnhi,kh.cs,kh.ch,kh.ht,kh.bm,kh.cho,kh.nt,kh.hthanh,kh.kh,kh.th,kh.tt,kh.lt,nhua,tr.binh,3,3,4,4,4,4,4,3,2,3,4,4,1997,South,female,student,university,22,20_24t
KS2_61,4,3,4,4,4,3,3,4,5,4,4,4,4,5,3,5,2,4,4,4,4,5,5,5,kh.pq,kh.pt,nam.ngu,kh.hp,kh.tp,kh.dnhi,kh.cs,kh.ch,kh.ht,kh.bm,kh.cho,kh.nt,kh.hthanh,kh.kh,kh.th,kh.tt,kh.lt,nhua,tr.binh,3,3,3,4,4,4,4,3,4,4,3,4,1997,South,female,student,university,22,20_24t
KS2_62,4,3,3,3,3,5,5,3,5,4,3,4,4,3,3,3,4,4,3,4,4,5,5,5,kh.pq,kh.pt,nam.ngu,kh.hp,kh.tp,de.nhi,kh.cs,kh.ch,kh.ht,kh.bm,kh.cho,kh.nt,kh.hthanh,kh.kh,kh.th,kh.tt,kh.lt,nhua,t.xuyen,4,4,5,4,5,5,5,5,4,5,5,4,1997,Middle,female,full.time,university,22,20_24t
KS2_63,4,4,4,4,4,4,2,4,5,5,4,4,4,4,3,3,3,3,4,4,4,4,5,5,kh.pq,kh.pt,nam.ngu,kh.hp,kh.tp,kh.dnhi,chinsu,kh.ch,kh.ht,kh.bm,kh.cho,kh.nt,kh.hthanh,kh.kh,kh.th,kh.tt,kh.lt,nhua,t.xuyen,4,5,3,5,5,5,4,4,4,4,3,4,1997,South,female,student,university,22,20_24t
KS2_64,4,3,3,3,3,3,3,5,4,5,5,4,4,3,4,4,3,5,3,3,4,4,4,5,kh.pq,kh.pt,nam.ngu,kh.hp,kh.tp,kh.dnhi,chinsu,kh.ch,kh.ht,kh.bm,kh.cho,kh.nt,kh.hthanh,kh.kh,kh.th,kh.tt,kh.lt,nhua,tr.binh,4,5,3,3,3,5,4,3,4,5,5,4,1996,South,female,student,university,23,20_24t
KS2_65,3,3,4,3,4,5,5,4,4,4,3,4,4,4,4,4,3,4,3,4,3,3,4,3,phu.quoc,kh.pt,kh.nn,kh.hp,kh.tp,kh.dnhi,kh.cs,kh.ch,kh.ht,kh.bm,kh.cho,kh.nt,kh.hthanh,kh.kh,kh.th,kh.tt,kh.lt,thuy.tinh,t.xuyen,5,5,3,4,4,3,5,3,2,4,3,3,1999,North,female,student,university,20,20_24t
KS2_66,4,3,4,5,4,4,4,5,4,4,3,3,4,4,4,5,4,3,3,4,4,4,5,4,kh.pq,kh.pt,nam.ngu,kh.hp,kh.tp,kh.dnhi,kh.cs,kh.ch,kh.ht,kh.bm,kh.cho,kh.nt,kh.hthanh,kh.kh,kh.th,kh.tt,kh.lt,nhua,t.xuyen,3,4,4,3,3,3,4,4,3,5,5,5,1997,South,female,student,university,22,20_24t
KS2_67,4,3,3,3,3,4,4,3,4,3,3,4,4,4,4,4,4,4,4,3,4,4,4,4,kh.pq,kh.pt,nam.ngu,kh.hp,kh.tp,kh.dnhi,kh.cs,kh.ch,kh.ht,kh.bm,kh.cho,kh.nt,kh.hthanh,kh.kh,kh.th,kh.tt,kh.lt,nhua,t.xuyen,4,3,3,5,5,4,4,3,4,4,4,3,1997,Middle,female,student,university,22,20_24t
KS2_68,3,3,3,3,3,4,4,3,4,4,5,5,4,3,3,4,3,3,2,3,4,4,4,4,kh.pq,kh.pt,kh.nn,kh.hp,kh.tp,kh.dnhi,kh.cs,kh.ch,kh.ht,kh.bm,kh.cho,nha.trang,kh.hthanh,kh.kh,kh.th,kh.tt,kh.lt,thuy.tinh,t.xuyen,4,5,4,5,3,3,4,3,3,5,4,5,1997,South,female,student,university,22,20_24t
KS2_69,3,4,3,3,3,4,3,4,5,4,4,4,4,4,3,4,3,4,3,5,4,4,4,5,kh.pq,kh.pt,nam.ngu,kh.hp,kh.tp,kh.dnhi,chinsu,kh.ch,kh.ht,kh.bm,kh.cho,kh.nt,kh.hthanh,kh.kh,kh.th,kh.tt,kh.lt,thuy.tinh,t.xuyen,4,4,3,4,4,5,5,4,4,5,4,5,1997,Middle,female,student,university,22,20_24t
KS2_70,4,4,4,3,4,4,3,4,5,5,5,5,5,4,4,4,4,5,4,5,5,4,5,4,kh.pq,phan.thiet,kh.nn,kh.hp,kh.tp,kh.dnhi,kh.cs,kh.ch,kh.ht,kh.bm,kh.cho,kh.nt,kh.hthanh,kh.kh,kh.th,kh.tt,kh.lt,thuy.tinh,tr.binh,4,4,5,5,5,5,4,5,5,5,5,4,1997,South,female,student,university,22,20_24t
KS2_71,5,5,4,4,4,4,3,3,5,4,4,4,4,4,4,4,4,5,3,4,4,5,4,4,kh.pq,kh.pt,nam.ngu,kh.hp,kh.tp,kh.dnhi,kh.cs,kh.ch,kh.ht,kh.bm,kh.cho,kh.nt,kh.hthanh,kh.kh,kh.th,kh.tt,kh.lt,nhua,t.xuyen,3,3,4,4,4,4,5,4,5,5,4,5,1997,South,female,student,university,22,20_24t
KS2_72,4,4,4,3,4,4,4,4,4,3,3,4,4,4,4,4,4,4,4,4,4,4,4,4,kh.pq,kh.pt,nam.ngu,kh.hp,kh.tp,kh.dnhi,chinsu,kh.ch,kh.ht,kh.bm,kh.cho,kh.nt,kh.hthanh,kh.kh,kh.th,kh.tt,kh.lt,nhua,t.xuyen,3,4,4,4,4,5,5,4,3,5,4,5,1997,Middle,female,student,university,22,20_24t
KS2_73,3,3,4,3,4,5,5,4,4,4,3,4,5,3,2,3,3,4,4,4,4,3,5,4,kh.pq,kh.pt,nam.ngu,kh.hp,kh.tp,kh.dnhi,kh.cs,kh.ch,hung.thinh,kh.bm,kh.cho,kh.nt,kh.hthanh,kh.kh,kh.th,kh.tt,kh.lt,thuy.tinh,t.xuyen,3,4,5,5,4,5,5,5,4,4,5,5,1997,South,female,student,university,22,20_24t
KS2_74,3,3,4,3,4,3,4,4,4,4,4,4,4,3,3,3,3,4,4,4,5,4,4,4,kh.pq,kh.pt,nam.ngu,kh.hp,kh.tp,kh.dnhi,kh.cs,kh.ch,kh.ht,kh.bm,kh.cho,kh.nt,kh.hthanh,kh.kh,kh.th,kh.tt,kh.lt,nhua,t.xuyen,3,3,4,3,2,2,4,4,5,4,5,4,1997,South,female,student,university,22,20_24t
KS2_75,3,3,4,4,4,5,5,4,4,4,4,4,4,2,4,4,4,4,2,5,4,4,4,4,kh.pq,kh.pt,nam.ngu,kh.hp,kh.tp,kh.dnhi,kh.cs,kh.ch,kh.ht,kh.bm,kh.cho,kh.nt,kh.hthanh,kh.kh,kh.th,kh.tt,kh.lt,nhua,t.xuyen,5,4,4,5,4,5,5,4,2,4,5,5,1997,North,female,full.time,university,22,20_24t
KS2_76,3,3,5,4,4,3,5,5,4,4,4,5,4,4,4,3,3,2,4,4,4,4,4,5,kh.pq,kh.pt,nam.ngu,kh.hp,kh.tp,kh.dnhi,chinsu,kh.ch,kh.ht,kh.bm,kh.cho,kh.nt,kh.hthanh,kh.kh,kh.th,kh.tt,kh.lt,nhua,t.xuyen,4,3,3,3,3,3,5,3,4,5,5,5,1997,North,female,full.time,university,22,20_24t
KS2_77,4,3,3,4,3,5,4,2,4,4,4,5,4,4,3,4,4,4,3,4,4,4,4,5,kh.pq,kh.pt,nam.ngu,kh.hp,kh.tp,kh.dnhi,kh.cs,kh.ch,kh.ht,kh.bm,kh.cho,kh.nt,kh.hthanh,kh.kh,kh.th,kh.tt,kh.lt,nhua,t.xuyen,4,4,4,4,5,5,3,4,4,5,5,5,1997,Middle,female,part.time,university,22,20_24t
KS2_78,5,5,4,4,4,1,5,3,4,4,4,5,5,5,5,5,4,5,5,5,5,5,5,5,kh.pq,kh.pt,nam.ngu,kh.hp,kh.tp,kh.dnhi,kh.cs,kh.ch,kh.ht,kh.bm,kh.cho,kh.nt,kh.hthanh,kh.kh,kh.th,kh.tt,kh.lt,nhua,t.xuyen,3,3,5,3,5,5,5,4,4,4,3,5,1997,South,female,part.time,university,22,20_24t
KS2_79,4,4,4,4,4,4,2,4,4,5,5,5,5,4,3,5,2,3,4,3,4,5,5,4,kh.pq,kh.pt,nam.ngu,kh.hp,kh.tp,kh.dnhi,kh.cs,kh.ch,kh.ht,kh.bm,kh.cho,kh.nt,kh.hthanh,kh.kh,kh.th,kh.tt,kh.lt,nhua,t.xuyen,4,5,4,4,4,5,4,4,4,5,5,5,1997,South,female,student,university,22,20_24t
KS2_80,4,4,3,4,3,4,2,3,4,4,4,4,4,4,4,3,4,4,3,4,5,4,3,4,kh.pq,kh.pt,nam.ngu,kh.hp,kh.tp,kh.dnhi,kh.cs,kh.ch,kh.ht,kh.bm,kh.cho,kh.nt,kh.hthanh,kh.kh,kh.th,kh.tt,kh.lt,nhua,tr.binh,4,4,5,5,5,5,4,4,4,4,4,5,1997,South,female,student,university,22,20_24t
KS2_81,2,3,3,4,3,4,2,3,5,4,5,3,4,2,4,3,4,5,4,4,5,4,5,5,kh.pq,kh.pt,nam.ngu,kh.hp,kh.tp,kh.dnhi,kh.cs,kh.ch,kh.ht,kh.bm,kh.cho,kh.nt,kh.hthanh,kh.kh,kh.th,kh.tt,kh.lt,nhua,th.th,4,4,4,4,3,5,4,4,3,5,4,5,1997,South,female,student,university,22,20_24t
KS2_82,4,3,4,3,4,3,4,3,5,3,4,4,3,2,4,5,2,4,4,4,4,4,4,5,kh.pq,kh.pt,nam.ngu,kh.hp,kh.tp,kh.dnhi,kh.cs,kh.ch,kh.ht,kh.bm,kh.cho,kh.nt,kh.hthanh,kh.kh,kh.th,kh.tt,kh.lt,nhua,t.xuyen,4,4,4,5,5,5,4,3,5,4,4,5,1997,South,female,student,university,22,20_24t
KS2_83,3,3,1,4,1,5,4,5,4,4,3,3,4,3,5,5,3,3,4,4,4,3,4,5,kh.pq,kh.pt,nam.ngu,kh.hp,kh.tp,kh.dnhi,kh.cs,kh.ch,kh.ht,kh.bm,kh.cho,kh.nt,kh.hthanh,kh.kh,kh.th,kh.tt,kh.lt,nhua,tr.binh,4,4,5,4,4,5,5,4,4,4,4,5,1997,South,female,student,university,22,20_24t
KS2_84,5,4,2,2,2,3,5,3,5,4,5,4,4,3,2,3,2,4,4,5,4,3,4,5,kh.pq,kh.pt,kh.nn,kh.hp,kh.tp,kh.dnhi,kh.cs,kh.ch,hung.thinh,kh.bm,kh.cho,kh.nt,kh.hthanh,kh.kh,kh.th,kh.tt,kh.lt,thuy.tinh,t.xuyen,4,5,4,3,3,4,4,5,4,4,4,3,1995,South,female,student,university,24,20_24t
KS2_85,4,4,2,2,2,3,3,4,4,5,5,4,4,2,3,2,3,3,4,4,4,4,4,4,kh.pq,kh.pt,nam.ngu,kh.hp,kh.tp,kh.dnhi,kh.cs,kh.ch,kh.ht,kh.bm,kh.cho,kh.nt,kh.hthanh,kh.kh,kh.th,kh.tt,kh.lt,nhua,t.xuyen,4,4,4,4,3,4,4,4,4,4,5,5,1997,South,female,student,university,22,20_24t
KS2_86,5,5,4,2,4,4,3,4,4,4,4,5,4,2,2,2,2,2,3,2,4,5,4,4,kh.pq,kh.pt,nam.ngu,kh.hp,kh.tp,kh.dnhi,chinsu,kh.ch,kh.ht,kh.bm,kh.cho,kh.nt,kh.hthanh,kh.kh,kh.th,kh.tt,kh.lt,nhua,t.xuyen,4,5,3,4,5,5,3,4,3,5,4,4,1997,Middle,female,student,university,22,20_24t
KS2_87,5,5,5,3,5,5,3,5,5,4,4,5,4,2,2,3,1,5,3,4,4,4,4,4,phu.quoc,kh.pt,kh.nn,kh.hp,kh.tp,kh.dnhi,kh.cs,kh.ch,kh.ht,kh.bm,kh.cho,kh.nt,kh.hthanh,kh.kh,kh.th,kh.tt,kh.lt,thuy.tinh,t.xuyen,5,5,4,5,5,5,5,5,4,5,5,5,1973,South,female,full.time,highschool,46,>35t
KS2_88,5,4,3,4,3,5,4,3,4,5,4,4,3,3,2,2,4,3,1,2,5,4,4,4,kh.pq,kh.pt,nam.ngu,kh.hp,kh.tp,kh.dnhi,kh.cs,kh.ch,kh.ht,kh.bm,kh.cho,kh.nt,kh.hthanh,kh.kh,kh.th,kh.tt,kh.lt,nhua,tr.binh,4,4,4,4,5,4,5,5,5,5,4,5,1974,South,female,full.time,highschool,45,>35t
KS2_89,4,5,4,3,4,5,4,5,5,5,5,5,5,4,4,3,2,5,4,4,4,5,5,4,kh.pq,kh.pt,kh.nn,kh.hp,kh.tp,kh.dnhi,kh.cs,kh.ch,hung.thinh,kh.bm,kh.cho,kh.nt,kh.hthanh,kh.kh,kh.th,kh.tt,kh.lt,thuy.tinh,t.xuyen,5,4,4,4,3,3,5,3,2,4,4,4,1972,South,male,full.time,university,47,>35t
KS2_90,4,4,3,2,3,3,4,5,4,5,3,3,4,2,3,3,3,4,1,3,4,4,2,4,kh.pq,kh.pt,nam.ngu,kh.hp,kh.tp,kh.dnhi,kh.cs,kh.ch,hung.thinh,kh.bm,kh.cho,kh.nt,kh.hthanh,kh.kh,kh.th,kh.tt,kh.lt,thuy.tinh,t.xuyen,5,4,4,5,4,4,4,5,2,4,4,5,1976,South,male,full.time,university,43,>35t
KS2_91,4,5,3,3,3,5,5,3,3,5,4,3,2,3,4,3,3,1,1,4,5,3,4,2,kh.pq,phan.thiet,kh.nn,kh.hp,kh.tp,kh.dnhi,kh.cs,kh.ch,hung.thinh,kh.bm,kh.cho,kh.nt,kh.hthanh,kh.kh,kh.th,kh.tt,kh.lt,thuy.tinh,t.xuyen,5,5,4,4,3,4,4,4,5,4,5,5,1981,South,male,full.time,highschool,38,>35t
KS2_92,5,4,4,3,4,5,4,4,5,5,5,4,4,5,3,5,2,5,3,3,4,5,5,5,kh.pq,kh.pt,kh.nn,kh.hp,kh.tp,kh.dnhi,chinsu,kh.ch,kh.ht,kh.bm,kh.cho,kh.nt,kh.hthanh,kh.kh,kh.th,kh.tt,kh.lt,nhua,t.xuyen,3,4,4,4,4,5,3,4,4,4,4,5,1995,South,male,full.time,university,24,20_24t
KS2_93,5,5,5,5,5,5,4,3,3,3,3,5,3,4,5,4,3,4,3,4,4,5,2,4,kh.pq,kh.pt,kh.nn,kh.hp,kh.tp,kh.dnhi,kh.cs,kh.ch,kh.ht,kh.bm,cholimex ,kh.nt,kh.hthanh,kh.kh,kh.th,kh.tt,kh.lt,nhua,t.xuyen,4,3,4,5,5,3,5,4,4,5,4,4,1973,South,male,full.time,highschool,46,>35t
KS2_94,5,5,4,5,4,2,2,4,5,3,4,4,5,5,3,5,2,2,3,3,3,4,5,5,phu.quoc,kh.pt,kh.nn,kh.hp,kh.tp,kh.dnhi,kh.cs,kh.ch,kh.ht,kh.bm,kh.cho,kh.nt,kh.hthanh,kh.kh,kh.th,kh.tt,kh.lt,thuy.tinh,tr.binh,3,4,3,4,4,3,5,4,4,5,3,4,1997,South,male,student,university,22,20_24t
KS2_95,3,3,4,3,4,4,5,5,4,5,4,4,5,5,3,3,4,5,5,5,5,5,5,5,phu.quoc,kh.pt,nam.ngu,kh.hp,kh.tp,kh.dnhi,kh.cs,kh.ch,kh.ht,kh.bm,kh.cho,kh.nt,kh.hthanh,kh.kh,kh.th,kh.tt,kh.lt,nhua,t.xuyen,4,5,5,5,4,5,5,4,4,5,5,5,1984,South,female,full.time,highschool,35,25_35t
KS2_96,4,4,4,5,4,3,3,5,5,5,4,4,4,4,4,5,4,4,5,4,4,4,3,3,kh.pq,kh.pt,kh.nn,kh.hp,kh.tp,de.nhi,kh.cs,kh.ch,hung.thinh,kh.bm,kh.cho,kh.nt,kh.hthanh,kh.kh,kh.th,kh.tt,kh.lt,nhua,t.xuyen,4,5,3,4,5,3,5,3,3,5,5,3,1989,South,male,full.time,university,30,25_35t
KS2_97,4,5,3,3,3,2,3,2,3,3,5,4,3,4,4,4,5,4,4,4,4,3,3,5,kh.pq,kh.pt,nam.ngu,kh.hp,kh.tp,kh.dnhi,kh.cs,kh.ch,kh.ht,kh.bm,kh.cho,kh.nt,kh.hthanh,kh.kh,kh.th,kh.tt,kh.lt,nhua,t.xuyen,4,4,4,5,5,3,5,4,5,5,5,4,1968,South,female,full.time,highschool,51,>35t
KS2_98,5,5,4,3,4,4,3,4,5,3,5,4,3,4,4,5,3,4,4,5,4,3,3,3,kh.pq,kh.pt,kh.nn,kh.hp,kh.tp,kh.dnhi,kh.cs,kh.ch,kh.ht,ba.mien,kh.cho,kh.nt,kh.hthanh,kh.kh,kh.th,kh.tt,kh.lt,nhua,t.xuyen,4,4,4,5,4,4,3,4,5,4,4,4,1996,South,male,full.time,highschool,23,20_24t
KS2_99,4,4,3,4,3,3,4,4,4,4,4,4,3,4,3,3,3,4,2,5,5,5,4,4,kh.pq,kh.pt,nam.ngu,kh.hp,kh.tp,kh.dnhi,kh.cs,kh.ch,kh.ht,kh.bm,kh.cho,kh.nt,kh.hthanh,kh.kh,kh.th,kh.tt,kh.lt,nhua,t.xuyen,5,4,4,4,4,3,3,4,2,5,4,5,1966,South,female,full.time,highschool,53,>35t
KS2_100,4,3,3,4,3,3,4,5,5,3,5,3,4,5,4,3,5,2,3,4,3,4,3,4,kh.pq,kh.pt,nam.ngu,kh.hp,kh.tp,kh.dnhi,kh.cs,kh.ch,kh.ht,kh.bm,kh.cho,kh.nt,kh.hthanh,kh.kh,kh.th,kh.tt,kh.lt,nhua,t.xuyen,5,4,5,3,5,3,4,4,4,5,4,4,1973,Middle,male,full.time,highschool,46,>35t
KS2_101,5,4,3,3,3,4,4,2,5,3,5,3,4,3,4,5,4,5,3,4,3,5,4,3,kh.pq,kh.pt,nam.ngu,kh.hp,kh.tp,kh.dnhi,kh.cs,kh.ch,kh.ht,kh.bm,kh.cho,kh.nt,kh.hthanh,kh.kh,kh.th,kh.tt,kh.lt,nhua,t.xuyen,5,4,5,3,5,4,4,4,5,5,4,3,1982,South,male,full.time,university,37,>35t
KS2_102,3,4,5,3,4,3,4,4,4,4,5,5,3,5,4,5,4,4,2,3,3,4,4,3,kh.pq,kh.pt,kh.nn,kh.hp,kh.tp,kh.dnhi,kh.cs,kh.ch,hung.thinh,kh.bm,kh.cho,kh.nt,kh.hthanh,kh.kh,kh.th,kh.tt,kh.lt,thuy.tinh,t.xuyen,5,4,5,5,4,5,4,5,4,4,4,5,1970,South,female,full.time,highschool,49,>35t
KS2_103,4,4,3,3,3,4,4,2,5,3,4,5,3,3,4,4,3,3,2,4,3,3,3,3,kh.pq,kh.pt,nam.ngu,kh.hp,kh.tp,kh.dnhi,kh.cs,kh.ch,kh.ht,kh.bm,kh.cho,kh.nt,kh.hthanh,kh.kh,kh.th,kh.tt,kh.lt,nhua,t.xuyen,4,5,4,5,5,5,3,4,3,5,3,4,1983,South,female,full.time,university,36,>35t
KS2_104,5,5,5,4,5,4,5,5,5,4,5,5,5,5,4,5,5,4,3,5,4,4,5,5,kh.pq,kh.pt,nam.ngu,kh.hp,kh.tp,kh.dnhi,kh.cs,kh.ch,kh.ht,kh.bm,kh.cho,kh.nt,kh.hthanh,kh.kh,kh.th,kh.tt,kh.lt,nhua,t.xuyen,4,5,4,4,4,4,5,4,4,4,5,5,1995,South,female,part.time,university,24,20_24t
KS2_105,3,3,4,3,4,4,3,4,4,3,5,3,4,5,4,5,5,3,3,3,5,3,3,4,kh.pq,kh.pt,kh.nn,kh.hp,kh.tp,kh.dnhi,chinsu,kh.ch,kh.ht,kh.bm,kh.cho,kh.nt,kh.hthanh,kh.kh,kh.th,kh.tt,kh.lt,thuy.tinh,t.xuyen,5,4,4,4,5,4,4,4,3,4,4,3,1986,South,female,full.time,highschool,33,25_35t
KS2_106,5,5,4,5,4,4,4,3,3,3,3,3,4,5,5,5,4,3,3,3,3,4,3,3,kh.pq,kh.pt,kh.nn,kh.hp,kh.tp,kh.dnhi,kh.cs,kh.ch,kh.ht,ba.mien,kh.cho,kh.nt,kh.hthanh,kh.kh,kh.th,kh.tt,kh.lt,nhua,tr.binh,5,4,4,5,3,4,5,4,3,4,5,5,1992,South,female,full.time,university,27,25_35t
KS2_107,5,4,5,4,5,5,4,4,4,5,3,3,4,5,3,5,4,3,4,4,4,4,4,4,kh.pq,kh.pt,kh.nn,kh.hp,kh.tp,de.nhi,kh.cs,kh.ch,kh.ht,kh.bm,kh.cho,kh.nt,kh.hthanh,kh.kh,kh.th,kh.tt,kh.lt,nhua,t.xuyen,4,4,4,4,5,5,3,4,5,4,4,4,1969,South,male,full.time,highschool,50,>35t
KS2_108,3,5,4,4,4,4,4,5,4,4,4,5,4,4,4,5,5,5,4,5,4,4,4,5,kh.pq,kh.pt,nam.ngu,kh.hp,kh.tp,kh.dnhi,kh.cs,kh.ch,kh.ht,kh.bm,kh.cho,kh.nt,kh.hthanh,kh.kh,kh.th,kh.tt,kh.lt,nhua,tr.binh,4,4,5,5,5,5,5,4,4,5,4,5,1952,South,male,full.time,highschool,67,>35t
KS2_109,4,4,4,4,3,4,4,4,5,4,4,4,3,3,4,4,3,3,3,3,4,3,3,3,phu.quoc,kh.pt,kh.nn,kh.hp,kh.tp,kh.dnhi,kh.cs,kh.ch,hung.thinh,kh.bm,kh.cho,kh.nt,kh.hthanh,kh.kh,kh.th,kh.tt,kh.lt,thuy.tinh,t.xuyen,4,5,4,4,5,4,5,4,3,4,4,3,1970,South,male,full.time,university,49,>35t
KS2_110,4,4,4,4,3,4,3,2,5,3,3,4,3,4,5,5,4,4,4,3,4,5,3,3,kh.pq,kh.pt,kh.nn,kh.hp,kh.tp,kh.dnhi,kh.cs,kh.ch,hung.thinh,kh.bm,cholimex ,kh.nt,kh.hthanh,kh.kh,kh.th,kh.tt,kh.lt,thuy.tinh,t.xuyen,5,4,4,5,4,4,4,4,2,5,4,4,1975,South,female,housework,highschool,44,>35t
KS2_111,4,3,4,4,4,4,4,5,4,4,4,5,4,4,5,5,4,4,4,5,4,4,4,5,phu.quoc,kh.pt,nam.ngu,kh.hp,kh.tp,kh.dnhi,kh.cs,kh.ch,kh.ht,kh.bm,kh.cho,nha.trang,kh.hthanh,kh.kh,kh.th,kh.tt,kh.lt,thuy.tinh,t.xuyen,4,4,5,5,5,5,5,4,4,5,4,5,1977,South,male,full.time,university,42,>35t
KS2_112,3,5,4,4,4,4,4,5,4,4,4,3,4,4,4,5,5,4,4,5,4,4,4,3,kh.pq,kh.pt,kh.nn,kh.hp,kh.tp,de.nhi,kh.cs,kh.ch,kh.ht,kh.bm,kh.cho,kh.nt,kh.hthanh,kh.kh,kh.th,kh.tt,kh.lt,nhua,t.xuyen,3,3,3,5,5,4,3,3,5,5,3,3,1972,South,female,full.time,highschool,47,>35t
KS2_113,3,4,4,4,4,2,2,3,5,3,3,3,4,3,5,5,3,3,3,4,4,3,3,3,kh.pq,kh.pt,kh.nn,kh.hp,kh.tp,de.nhi,kh.cs,kh.ch,hung.thinh,kh.bm,kh.cho,kh.nt,kh.hthanh,kh.kh,kh.th,kh.tt,kh.lt,thuy.tinh,t.xuyen,5,4,4,4,3,3,4,4,4,5,4,3,1988,South,female,housework,highschool,31,25_35t
KS2_114,3,3,2,3,2,3,4,2,3,4,3,3,3,4,3,3,3,3,2,4,4,5,4,5,kh.pq,kh.pt,nam.ngu,kh.hp,kh.tp,kh.dnhi,kh.cs,kh.ch,kh.ht,kh.bm,kh.cho,kh.nt,kh.hthanh,kh.kh,kh.th,kh.tt,kh.lt,thuy.tinh,tr.binh,4,5,4,3,3,4,3,4,3,5,4,4,1976,South,female,housework,highschool,43,>35t
KS2_115,2,3,2,2,2,3,3,4,4,3,3,3,3,3,3,4,4,4,3,3,4,5,4,4,kh.pq,kh.pt,nam.ngu,kh.hp,kh.tp,de.nhi,kh.cs,kh.ch,kh.ht,kh.bm,kh.cho,kh.nt,kh.hthanh,kh.kh,kh.th,kh.tt,kh.lt,nhua,t.xuyen,3,3,3,4,5,5,5,3,4,4,3,3,1994,South,female,housework,highschool,25,25_35t
KS2_116,4,2,3,3,3,4,4,4,4,4,3,5,4,2,2,1,3,4,4,4,4,4,4,4,kh.pq,kh.pt,nam.ngu,kh.hp,kh.tp,kh.dnhi,kh.cs,kh.ch,kh.ht,kh.bm,kh.cho,kh.nt,kh.hthanh,kh.kh,kh.th,kh.tt,kh.lt,nhua,t.xuyen,4,4,4,5,5,4,5,5,4,4,4,5,1972,South,female,housework,below.hs,47,>35t
KS2_117,3,3,3,3,3,5,4,4,5,5,4,5,5,2,3,2,2,4,4,5,5,5,5,5,phu.quoc,kh.pt,kh.nn,kh.hp,kh.tp,kh.dnhi,kh.cs,kh.ch,kh.ht,kh.bm,kh.cho,kh.nt,kh.hthanh,kh.kh,kh.th,kh.tt,kh.lt,thuy.tinh,t.xuyen,4,5,5,5,5,4,5,4,5,4,5,5,1985,Middle,male,full.time,highschool,34,25_35t
KS2_118,2,2,2,3,2,5,5,4,4,4,4,4,5,2,3,4,3,4,5,5,5,5,5,5,kh.pq,kh.pt,nam.ngu,kh.hp,kh.tp,kh.dnhi,kh.cs,kh.ch,kh.ht,kh.bm,kh.cho,kh.nt,kh.hthanh,kh.kh,kh.th,kh.tt,kh.lt,nhua,t.xuyen,5,4,4,4,4,5,5,4,5,5,5,5,1981,South,male,full.time,highschool,38,>35t
KS2_119,2,2,2,3,2,4,4,4,3,4,5,4,4,2,3,4,3,4,4,2,3,4,3,3,kh.pq,kh.pt,kh.nn,kh.hp,kh.tp,de.nhi,kh.cs,kh.ch,kh.ht,kh.bm,kh.cho,kh.nt,kh.hthanh,kh.kh,kh.th,kh.tt,kh.lt,nhua,t.xuyen,3,4,4,3,5,4,5,3,4,4,3,4,1996,South,female,student,university,23,20_24t
KS2_120,4,4,3,4,3,4,4,5,4,3,4,5,3,3,4,4,3,4,4,3,3,3,2,4,kh.pq,kh.pt,kh.nn,kh.hp,kh.tp,de.nhi,kh.cs,kh.ch,kh.ht,kh.bm,kh.cho,kh.nt,kh.hthanh,kh.kh,kh.th,kh.tt,kh.lt,nhua,tr.binh,3,3,4,3,4,4,4,4,4,5,5,3,1975,South,female,full.time,highschool,44,>35t
KS2_121,4,3,4,3,4,3,3,4,4,2,3,4,3,5,4,4,5,4,4,4,4,4,4,3,kh.pq,kh.pt,nam.ngu,kh.hp,kh.tp,kh.dnhi,chinsu,kh.ch,kh.ht,kh.bm,kh.cho,kh.nt,kh.hthanh,kh.kh,kh.th,kh.tt,kh.lt,nhua,t.xuyen,5,4,4,5,5,3,5,3,3,5,5,5,1996,South,female,student,university,23,20_24t
KS2_122,4,4,4,4,4,4,4,3,5,4,3,4,4,4,3,4,3,4,3,4,3,3,3,5,kh.pq,kh.pt,nam.ngu,kh.hp,kh.tp,kh.dnhi,kh.cs,kh.ch,kh.ht,kh.bm,kh.cho,kh.nt,kh.hthanh,kh.kh,kh.th,kh.tt,kh.lt,nhua,t.xuyen,5,3,4,4,4,4,5,5,3,5,4,5,1999,South,female,student,university,20,20_24t
KS2_123,4,5,4,4,4,4,3,2,4,3,4,5,3,4,5,4,5,3,3,3,3,5,4,4,kh.pq,kh.pt,kh.nn,kh.hp,kh.tp,de.nhi,chinsu,kh.ch,kh.ht,kh.bm,kh.cho,kh.nt,kh.hthanh,kh.kh,kh.th,kh.tt,kh.lt,nhua,t.xuyen,5,4,4,3,4,5,4,5,3,4,3,5,1983,Middle,female,full.time,university,36,>35t
KS2_124,5,4,4,3,4,2,1,2,5,3,5,3,3,3,3,5,3,1,2,1,3,5,4,5,kh.pq,kh.pt,kh.nn,kh.hp,kh.tp,de.nhi,chinsu,kh.ch,kh.ht,kh.bm,kh.cho,kh.nt,kh.hthanh,kh.kh,kh.th,kh.tt,kh.lt,thuy.tinh,t.xuyen,3,4,5,3,5,5,3,5,2,4,3,3,1993,North,female,housework,highschool,26,25_35t
KS2_125,3,3,2,4,2,3,4,4,5,4,3,4,3,5,4,5,4,2,2,3,3,5,5,5,kh.pq,kh.pt,nam.ngu,kh.hp,kh.tp,kh.dnhi,kh.cs,kh.ch,kh.ht,kh.bm,kh.cho,kh.nt,kh.hthanh,kh.kh,kh.th,kh.tt,kh.lt,nhua,t.xuyen,3,4,3,3,3,5,5,3,4,4,3,5,1994,Middle,female,full.time,university,25,25_35t
KS2_126,5,4,5,5,5,3,4,4,3,5,4,4,3,4,5,4,4,4,4,3,3,4,3,4,kh.pq,kh.pt,nam.ngu,kh.hp,kh.tp,de.nhi,kh.cs,kh.ch,kh.ht,kh.bm,kh.cho,kh.nt,kh.hthanh,kh.kh,kh.th,kh.tt,kh.lt,nhua,t.xuyen,4,4,5,3,4,3,4,3,3,4,4,5,1972,Middle,male,full.time,highschool,47,>35t
KS2_127,4,3,4,5,4,4,4,3,4,4,4,4,3,5,5,5,4,4,4,4,4,5,4,4,kh.pq,kh.pt,nam.ngu,kh.hp,kh.tp,kh.dnhi,chinsu,kh.ch,kh.ht,kh.bm,kh.cho,kh.nt,kh.hthanh,kh.kh,kh.th,kh.tt,kh.lt,nhua,tr.binh,4,5,4,4,4,5,4,4,3,4,3,3,1997,South,female,student,university,22,20_24t
KS2_128,4,3,3,4,3,4,5,3,4,3,3,3,3,4,3,4,3,5,4,4,4,4,4,4,kh.pq,kh.pt,nam.ngu,kh.hp,kh.tp,kh.dnhi,kh.cs,kh.ch,kh.ht,kh.bm,kh.cho,kh.nt,kh.hthanh,kh.kh,kh.th,kh.tt,kh.lt,nhua,tr.binh,3,5,4,5,5,4,3,4,3,4,4,5,1999,South,male,student,university,20,20_24t
KS2_129,4,5,3,4,3,3,4,3,3,3,3,3,3,4,3,4,3,3,3,4,3,3,3,3,kh.pq,kh.pt,nam.ngu,kh.hp,kh.tp,kh.dnhi,kh.cs,kh.ch,kh.ht,kh.bm,kh.cho,kh.nt,kh.hthanh,kh.kh,kh.th,kh.tt,kh.lt,nhua,tr.binh,4,5,4,5,4,4,4,4,3,4,4,4,1999,South,male,student,university,20,20_24t
KS2_130,4,4,4,3,4,4,4,4,5,4,3,3,5,3,4,4,4,5,3,5,4,4,5,4,kh.pq,kh.pt,nam.ngu,kh.hp,kh.tp,kh.dnhi,chinsu,kh.ch,kh.ht,kh.bm,cholimex ,kh.nt,kh.hthanh,kh.kh,kh.th,kh.tt,kh.lt,nhua,tr.binh,3,4,3,3,4,5,4,4,4,4,4,3,1997,North,female,part.time,university,22,20_24t
KS2_131,4,4,3,3,3,3,3,5,5,4,3,3,4,2,3,3,3,3,3,4,5,5,5,5,kh.pq,kh.pt,kh.nn,kh.hp,kh.tp,de.nhi,chinsu,kh.ch,kh.ht,kh.bm,kh.cho,kh.nt,kh.hthanh,kh.kh,kh.th,kh.tt,kh.lt,nhua,tr.binh,4,5,4,5,4,5,4,3,3,4,4,5,1996,Middle,female,student,university,23,20_24t
KS2_132,3,3,3,3,3,5,5,5,5,5,5,5,5,4,3,4,2,5,5,4,4,5,5,4,kh.pq,kh.pt,nam.ngu,kh.hp,kh.tp,kh.dnhi,kh.cs,kh.ch,hung.thinh,kh.bm,kh.cho,kh.nt,kh.hthanh,kh.kh,kh.th,kh.tt,kh.lt,thuy.tinh,th.th,5,4,4,4,5,4,5,5,4,5,5,5,1999,North,female,student,university,20,20_24t
KS2_133,4,4,2,2,2,5,5,3,4,4,4,5,4,3,3,4,4,5,5,5,4,3,3,4,phu.quoc,kh.pt,kh.nn,kh.hp,kh.tp,kh.dnhi,kh.cs,kh.ch,kh.ht,kh.bm,kh.cho,kh.nt,kh.hthanh,kh.kh,kh.th,kh.tt,kh.lt,nhua,t.xuyen,5,5,5,5,1,1,4,5,4,5,5,5,1999,South,female,student,university,20,20_24t
KS2_134,3,4,3,3,3,3,4,3,3,4,3,5,5,4,3,2,3,2,1,2,3,1,3,3,kh.pq,kh.pt,nam.ngu,kh.hp,kh.tp,kh.dnhi,chinsu,kh.ch,kh.ht,kh.bm,kh.cho,kh.nt,kh.hthanh,kh.kh,kh.th,kh.tt,kh.lt,nhua,th.th,3,4,3,4,4,4,2,3,4,5,3,3,1998,North,female,part.time,university,21,20_24t
KS2_135,1,2,1,1,1,5,5,4,5,5,5,5,4,1,1,1,2,5,4,5,3,3,3,4,kh.pq,phan.thiet,kh.nn,kh.hp,kh.tp,kh.dnhi,kh.cs,kh.ch,kh.ht,kh.bm,kh.cho,kh.nt,kh.hthanh,kh.kh,kh.th,kh.tt,kh.lt,thuy.tinh,t.xuyen,4,5,5,5,5,5,5,5,4,5,5,5,1999,Middle,female,student,university,20,20_24t
KS2_136,5,3,5,5,5,5,5,2,4,4,5,5,4,3,3,5,3,4,2,4,3,3,2,4,kh.pq,kh.pt,kh.nn,kh.hp,kh.tp,kh.dnhi,kh.cs,kh.ch,hung.thinh,kh.bm,kh.cho,kh.nt,kh.hthanh,kh.kh,kh.th,kh.tt,kh.lt,thuy.tinh,t.xuyen,5,4,5,4,4,4,4,5,4,4,5,5,1999,South,female,student,university,20,20_24t
KS2_137,4,4,4,3,4,4,4,3,3,3,3,5,3,4,4,4,4,4,3,3,4,4,3,3,kh.pq,kh.pt,nam.ngu,kh.hp,kh.tp,de.nhi,kh.cs,kh.ch,kh.ht,kh.bm,kh.cho,kh.nt,kh.hthanh,kh.kh,kh.th,kh.tt,kh.lt,thuy.tinh,th.th,4,3,3,4,4,4,4,3,3,4,3,5,1997,North,female,student,university,22,20_24t
KS2_138,5,5,5,5,4,2,5,3,3,3,4,3,3,5,5,5,5,5,5,3,3,3,3,3,kh.pq,kh.pt,kh.nn,kh.hp,kh.tp,kh.dnhi,kh.cs,kh.ch,kh.ht,kh.bm,kh.cho,kh.nt,kh.hthanh,kh.kh,kh.th,kh.tt,lien.thanh,thuy.tinh,t.xuyen,3,5,3,4,5,5,2,3,4,5,3,3,1996,South,female,part.time,university,23,20_24t
KS2_139,5,5,5,5,5,4,4,2,3,4,3,5,3,5,5,5,5,3,3,3,3,4,3,3,kh.pq,phan.thiet,kh.nn,kh.hp,kh.tp,kh.dnhi,kh.cs,kh.ch,kh.ht,kh.bm,kh.cho,kh.nt,kh.hthanh,kh.kh,kh.th,kh.tt,kh.lt,thuy.tinh,t.xuyen,4,4,4,5,3,3,3,4,3,4,4,4,1997,Middle,female,full.time,university,22,20_24t
KS2_140,3,2,3,4,3,4,3,4,3,4,3,3,4,3,3,5,3,3,3,4,4,3,3,3,kh.pq,phan.thiet,kh.nn,hanh.phuc,kh.tp,kh.dnhi,kh.cs,kh.ch,kh.ht,kh.bm,kh.cho,kh.nt,kh.hthanh,kh.kh,kh.th,kh.tt,kh.lt,thuy.tinh,tr.binh,4,4,3,5,3,4,5,5,4,4,4,4,1994,South,female,full.time,university,25,25_35t
KS2_141,4,3,3,5,3,3,3,4,4,3,4,4,4,5,5,5,5,2,3,3,3,4,3,3,kh.pq,phan.thiet,kh.nn,kh.hp,kh.tp,kh.dnhi,kh.cs,kh.ch,kh.ht,kh.bm,kh.cho,kh.nt,kh.hthanh,kh.kh,kh.th,kh.tt,kh.lt,thuy.tinh,t.xuyen,5,5,4,5,4,5,5,4,3,4,4,4,1995,Middle,male,part.time,university,24,20_24t
KS2_142,3,3,4,3,4,5,4,3,4,3,4,5,4,5,5,5,5,3,3,5,4,4,4,5,kh.pq,kh.pt,nam.ngu,kh.hp,kh.tp,kh.dnhi,kh.cs,kh.ch,kh.ht,kh.bm,kh.cho,kh.nt,kh.hthanh,kh.kh,kh.th,kh.tt,kh.lt,nhua,t.xuyen,4,4,4,5,5,5,5,4,3,4,5,5,1997,South,female,student,university,22,20_24t
KS2_143,3,5,4,4,4,5,5,5,5,5,5,5,5,5,3,3,4,5,3,4,4,5,5,5,kh.pq,kh.pt,kh.nn,kh.hp,kh.tp,kh.dnhi,chinsu,kh.ch,kh.ht,kh.bm,kh.cho,kh.nt,kh.hthanh,kh.kh,kh.th,kh.tt,kh.lt,nhua,t.xuyen,5,4,5,5,3,5,4,5,4,5,5,5,1997,Middle,female,student,university,22,20_24t
KS2_144,5,4,4,4,4,4,3,4,4,4,4,4,4,4,3,3,4,3,3,4,4,4,3,4,kh.pq,kh.pt,nam.ngu,kh.hp,kh.tp,kh.dnhi,chinsu,kh.ch,kh.ht,kh.bm,kh.cho,kh.nt,kh.hthanh,kh.kh,kh.th,kh.tt,kh.lt,nhua,t.xuyen,4,4,4,5,5,5,4,4,3,4,4,5,1996,South,female,student,university,23,20_24t
KS2_145,4,4,4,4,4,3,3,4,5,3,4,4,4,4,4,4,4,4,4,4,3,3,4,5,phu.quoc,kh.pt,nam.ngu,kh.hp,kh.tp,kh.dnhi,kh.cs,kh.ch,kh.ht,kh.bm,kh.cho,kh.nt,kh.hthanh,kh.kh,kh.th,kh.tt,kh.lt,thuy.tinh,t.xuyen,4,4,4,4,3,4,5,4,4,4,4,4,1997,Middle,female,student,university,22,20_24t
KS2_146,4,5,5,4,5,5,4,3,5,4,4,4,4,5,3,3,5,3,4,4,3,4,4,3,kh.pq,kh.pt,kh.nn,hanh.phuc,kh.tp,kh.dnhi,kh.cs,kh.ch,kh.ht,kh.bm,kh.cho,kh.nt,kh.hthanh,kh.kh,kh.th,kh.tt,kh.lt,thuy.tinh,t.xuyen,4,3,4,4,3,5,3,4,3,4,4,4,1996,South,female,student,university,23,20_24t
KS2_147,3,4,4,5,4,4,3,4,5,4,4,4,4,4,4,4,5,3,3,4,4,3,3,4,kh.pq,kh.pt,nam.ngu,kh.hp,kh.tp,kh.dnhi,chinsu,kh.ch,kh.ht,kh.bm,kh.cho,kh.nt,kh.hthanh,kh.kh,kh.th,kh.tt,kh.lt,nhua,th.th,5,4,4,5,4,4,4,4,3,4,5,5,1997,South,female,part.time,university,22,20_24t
KS2_148,4,4,3,3,3,4,4,3,5,4,4,5,4,4,4,4,4,4,3,5,4,4,5,4,kh.pq,kh.pt,nam.ngu,kh.hp,kh.tp,kh.dnhi,kh.cs,kh.ch,kh.ht,kh.bm,kh.cho,kh.nt,kh.hthanh,kh.kh,kh.th,kh.tt,kh.lt,nhua,th.th,5,5,3,4,4,5,5,5,4,5,5,5,1997,South,female,student,university,22,20_24t
KS2_149,4,3,3,3,3,4,2,2,3,5,3,4,3,4,5,3,5,3,2,4,3,3,3,3,phu.quoc,kh.pt,kh.nn,kh.hp,kh.tp,kh.dnhi,kh.cs,kh.ch,kh.ht,kh.bm,kh.cho,kh.nt,kh.hthanh,khai.hoan,kh.th,kh.tt,kh.lt,thuy.tinh,t.xuyen,3,5,3,4,3,4,3,3,3,4,3,4,1996,North,male,student,university,23,20_24t
KS2_150,4,4,4,4,4,3,3,3,4,5,5,5,4,4,4,5,5,3,2,4,4,4,3,5,kh.pq,kh.pt,nam.ngu,kh.hp,kh.tp,kh.dnhi,chinsu,kh.ch,kh.ht,kh.bm,kh.cho,kh.nt,kh.hthanh,kh.kh,kh.th,kh.tt,kh.lt,thuy.tinh,t.xuyen,4,4,5,4,4,4,5,4,2,4,4,3,1997,North,female,student,university,22,20_24t
KS2_151,4,4,3,4,3,3,4,4,5,4,5,3,3,4,4,4,4,4,3,5,4,4,5,4,kh.pq,kh.pt,kh.nn,kh.hp,kh.tp,kh.dnhi,kh.cs,kh.ch,hung.thinh,kh.bm,kh.cho,kh.nt,kh.hthanh,kh.kh,kh.th,kh.tt,kh.lt,thuy.tinh,th.th,4,5,4,5,4,4,4,4,3,4,4,5,1994,North,male,student,university,25,25_35t
KS2_152,5,3,4,3,4,3,5,1,5,3,4,3,3,5,4,4,4,5,2,5,3,3,4,3,kh.pq,kh.pt,kh.nn,kh.hp,kh.tp,kh.dnhi,chinsu,kh.ch,kh.ht,kh.bm,kh.cho,kh.nt,kh.hthanh,kh.kh,kh.th,kh.tt,kh.lt,nhua,th.th,4,5,4,4,4,4,4,4,5,5,4,5,1996,South,male,student,university,23,20_24t
KS2_153,3,4,4,4,4,3,2,2,4,3,4,3,4,3,4,4,4,2,3,3,4,3,3,4,phu.quoc,kh.pt,nam.ngu,kh.hp,kh.tp,kh.dnhi,kh.cs,kh.ch,kh.ht,kh.bm,kh.cho,kh.nt,kh.hthanh,kh.kh,kh.th,kh.tt,kh.lt,thuy.tinh,tr.binh,4,4,4,3,3,4,3,4,3,4,4,4,1997,North,female,student,university,22,20_24t
KS2_154,5,3,4,5,4,2,2,2,4,2,3,4,3,4,4,4,4,3,2,3,3,3,3,3,kh.pq,kh.pt,nam.ngu,kh.hp,kh.tp,kh.dnhi,kh.cs,kh.ch,kh.ht,kh.bm,kh.cho,kh.nt,kh.hthanh,kh.kh,kh.th,kh.tt,lien.thanh,nhua,tr.binh,3,4,3,4,2,2,5,3,3,5,3,4,1997,North,female,part.time,university,22,20_24t
KS2_155,4,4,5,5,5,3,2,5,4,3,3,4,3,4,5,5,4,3,4,4,4,4,3,4,kh.pq,kh.pt,nam.ngu,kh.hp,kh.tp,kh.dnhi,kh.cs,kh.ch,kh.ht,kh.bm,kh.cho,kh.nt,kh.hthanh,kh.kh,kh.th,kh.tt,kh.lt,nhua,t.xuyen,3,3,4,4,3,5,4,4,3,4,4,5,1995,South,male,part.time,highschool,24,20_24t
KS2_156,3,4,5,4,5,5,3,5,2,5,3,2,3,5,4,3,5,3,5,2,4,5,4,5,kh.pq,kh.pt,kh.nn,kh.hp,kh.tp,de.nhi,kh.cs,kh.ch,kh.ht,kh.bm,kh.cho,kh.nt,kh.hthanh,kh.kh,kh.th,kh.tt,kh.lt,nhua,t.xuyen,3,5,3,5,5,5,5,5,2,5,3,3,1997,South,male,student,university,22,20_24t
KS2_157,3,4,5,4,5,5,4,3,3,3,3,3,3,5,4,3,4,2,2,2,3,3,3,3,kh.pq,phan.thiet,kh.nn,kh.hp,kh.tp,kh.dnhi,kh.cs,kh.ch,kh.ht,kh.bm,kh.cho,kh.nt,kh.hthanh,kh.kh,kh.th,kh.tt,kh.lt,nhua,tr.binh,4,4,4,4,3,4,5,4,3,4,3,5,1993,Middle,male,full.time,university,26,25_35t
KS2_158,3,4,3,5,3,3,4,2,3,2,4,3,3,5,3,3,5,3,4,4,3,5,3,4,kh.pq,kh.pt,kh.nn,kh.hp,kh.tp,kh.dnhi,chinsu,kh.ch,kh.ht,kh.bm,kh.cho,kh.nt,kh.hthanh,kh.kh,kh.th,kh.tt,kh.lt,nhua,th.th,4,5,3,4,4,3,3,4,4,5,4,3,1997,North,female,student,university,22,20_24t
KS2_159,5,4,3,4,3,2,3,2,5,3,2,3,3,4,5,5,4,4,4,4,4,4,3,2,phu.quoc,kh.pt,nam.ngu,kh.hp,kh.tp,kh.dnhi,kh.cs,kh.ch,kh.ht,kh.bm,kh.cho,kh.nt,kh.hthanh,kh.kh,kh.th,kh.tt,kh.lt,thuy.tinh,t.xuyen,4,4,4,4,5,5,5,4,4,4,4,3,1962,South,female,housework,below.hs,57,>35t
KS2_160,3,3,3,4,3,5,5,4,3,4,4,5,3,4,4,4,5,1,1,3,4,4,3,3,kh.pq,kh.pt,nam.ngu,kh.hp,kh.tp,kh.dnhi,chinsu,kh.ch,kh.ht,kh.bm,kh.cho,kh.nt,kh.hthanh,kh.kh,kh.th,kh.tt,kh.lt,nhua,t.xuyen,5,4,4,3,4,3,5,4,4,5,5,5,1993,South,male,full.time,university,26,25_35t
KS2_161,4,5,5,4,5,3,3,4,5,5,3,5,4,4,4,3,4,5,5,5,5,5,5,5,kh.pq,kh.pt,kh.nn,kh.hp,kh.tp,de.nhi,kh.cs,kh.ch,kh.ht,kh.bm,kh.cho,kh.nt,kh.hthanh,kh.kh,kh.th,kh.tt,kh.lt,nhua,tr.binh,3,5,3,3,4,5,4,3,4,4,3,5,1968,Middle,female,housework,highschool,51,>35t
KS2_162,4,3,3,3,3,5,5,5,5,3,5,4,3,5,4,5,4,3,2,5,4,3,3,4,phu.quoc,kh.pt,kh.nn,kh.hp,kh.tp,kh.dnhi,kh.cs,kh.ch,kh.ht,kh.bm,kh.cho,kh.nt,kh.hthanh,kh.kh,kh.th,kh.tt,kh.lt,thuy.tinh,t.xuyen,5,5,5,5,5,3,5,4,3,4,5,5,1999,South,female,part.time,university,20,20_24t
KS2_163,4,4,5,3,5,3,4,4,4,3,3,4,3,5,4,5,4,3,3,3,4,3,3,4,kh.pq,kh.pt,nam.ngu,kh.hp,kh.tp,kh.dnhi,kh.cs,kh.ch,kh.ht,kh.bm,kh.cho,kh.nt,kh.hthanh,kh.kh,kh.th,kh.tt,kh.lt,nhua,t.xuyen,4,4,3,4,4,4,4,4,5,5,3,4,1996,South,female,part.time,university,23,20_24t
KS2_164,5,4,4,3,4,4,4,4,4,4,3,4,4,5,5,5,5,4,4,3,4,3,4,5,kh.pq,phan.thiet,nam.ngu,kh.hp,kh.tp,kh.dnhi,kh.cs,kh.ch,kh.ht,kh.bm,kh.cho,kh.nt,kh.hthanh,kh.kh,kh.th,kh.tt,kh.lt,thuy.tinh,t.xuyen,4,5,4,4,4,5,4,3,3,4,4,5,1997,Middle,female,full.time,highschool,22,20_24t
KS2_165,2,2,3,3,3,4,4,3,3,4,3,3,3,2,3,5,2,3,3,4,4,3,4,4,kh.pq,kh.pt,nam.ngu,kh.hp,kh.tp,kh.dnhi,kh.cs,kh.ch,kh.ht,kh.bm,kh.cho,kh.nt,kh.hthanh,kh.kh,kh.th,kh.tt,kh.lt,nhua,tr.binh,2,3,3,3,4,3,3,3,2,4,4,4,1996,South,female,full.time,highschool,23,20_24t
KS2_166,4,4,3,3,3,5,3,2,3,4,4,4,3,4,3,4,4,5,5,3,3,3,4,3,kh.pq,kh.pt,nam.ngu,kh.hp,kh.tp,kh.dnhi,kh.cs,kh.ch,kh.ht,kh.bm,kh.cho,kh.nt,kh.hthanh,kh.kh,kh.th,kh.tt,kh.lt,nhua,tr.binh,4,4,4,3,3,3,4,4,3,4,4,3,1977,North,female,housework,highschool,42,>35t
KS2_167,4,3,3,3,3,5,5,5,4,3,4,4,5,3,4,4,4,2,2,5,4,5,5,5,kh.pq,kh.pt,nam.ngu,kh.hp,kh.tp,kh.dnhi,kh.cs,kh.ch,kh.ht,kh.bm,kh.cho,kh.nt,kh.hthanh,kh.kh,kh.th,kh.tt,kh.lt,nhua,tr.binh,5,5,4,3,2,5,3,4,5,4,5,4,1999,South,female,part.time,university,20,20_24t
KS2_168,4,4,3,3,3,5,4,4,5,5,5,3,4,4,5,5,5,4,4,4,5,5,3,5,kh.pq,kh.pt,nam.ngu,kh.hp,kh.tp,kh.dnhi,kh.cs,kh.ch,kh.ht,kh.bm,kh.cho,kh.nt,kh.hthanh,kh.kh,kh.th,kh.tt,kh.lt,nhua,t.xuyen,5,5,4,5,3,4,5,5,4,5,5,5,1999,Middle,male,student,university,20,20_24t
KS2_169,3,4,3,3,3,3,3,3,4,4,4,5,3,3,3,3,3,3,2,5,4,3,3,4,kh.pq,kh.pt,kh.nn,hanh.phuc,kh.tp,kh.dnhi,kh.cs,kh.ch,hung.thinh,kh.bm,kh.cho,kh.nt,kh.hthanh,kh.kh,kh.th,kh.tt,kh.lt,thuy.tinh,tr.binh,4,4,5,5,3,3,4,5,3,4,4,5,1997,South,female,student,university,22,20_24t
KS2_170,4,1,5,4,5,1,4,4,4,3,4,4,4,3,4,5,3,3,2,4,4,4,4,4,kh.pq,kh.pt,nam.ngu,kh.hp,kh.tp,kh.dnhi,kh.cs,kh.ch,kh.ht,kh.bm,kh.cho,kh.nt,kh.hthanh,kh.kh,kh.th,kh.tt,lien.thanh,nhua,t.xuyen,3,3,5,4,3,2,4,4,5,3,3,4,1997,South,male,part.time,university,22,20_24t
KS2_171,4,5,3,4,3,4,4,4,4,3,3,3,4,5,4,5,4,3,3,4,4,4,4,3,kh.pq,kh.pt,kh.nn,kh.hp,kh.tp,kh.dnhi,kh.cs,kh.ch,hung.thinh,kh.bm,kh.cho,kh.nt,kh.hthanh,kh.kh,kh.th,kh.tt,kh.lt,thuy.tinh,t.xuyen,3,4,4,5,5,3,5,4,4,5,4,4,1997,South,female,student,university,22,20_24t
KS2_172,3,3,3,3,3,3,5,4,5,4,4,4,5,4,3,4,3,2,2,3,4,5,5,5,kh.pq,kh.pt,kh.nn,kh.hp,kh.tp,kh.dnhi,chinsu,kh.ch,kh.ht,kh.bm,kh.cho,kh.nt,kh.hthanh,kh.kh,kh.th,kh.tt,kh.lt,nhua,t.xuyen,5,5,4,4,4,5,4,4,3,4,4,5,1994,South,male,part.time,university,25,25_35t
KS2_173,4,3,4,5,4,3,4,4,5,4,5,4,4,4,5,4,4,4,4,4,4,4,3,4,kh.pq,kh.pt,kh.nn,kh.hp,kh.tp,kh.dnhi,kh.cs,kh.ch,hung.thinh,kh.bm,kh.cho,kh.nt,kh.hthanh,kh.kh,kh.th,kh.tt,kh.lt,thuy.tinh,t.xuyen,4,4,4,4,4,3,5,4,4,5,5,4,1996,North,female,student,university,23,20_24t
KS2_174,4,3,3,4,3,4,4,3,4,4,4,3,4,4,4,5,4,3,3,4,4,4,4,4,kh.pq,kh.pt,nam.ngu,kh.hp,kh.tp,kh.dnhi,kh.cs,kh.ch,kh.ht,kh.bm,kh.cho,kh.nt,hong.thanh,kh.kh,kh.th,kh.tt,kh.lt,thuy.tinh,tr.binh,4,5,5,5,4,5,4,4,5,5,4,4,1997,North,female,student,university,22,20_24t
KS2_175,3,4,4,4,4,4,4,3,5,4,4,3,4,4,5,5,5,3,3,4,4,4,4,5,kh.pq,kh.pt,nam.ngu,kh.hp,kh.tp,kh.dnhi,chinsu,kh.ch,kh.ht,kh.bm,kh.cho,kh.nt,kh.hthanh,kh.kh,kh.th,kh.tt,kh.lt,nhua,tr.binh,3,3,5,4,5,5,3,5,4,5,4,5,1997,South,female,student,university,22,20_24t
KS2_176,3,3,3,5,3,4,4,4,4,3,3,3,3,4,4,3,4,3,3,4,4,4,4,3,kh.pq,kh.pt,nam.ngu,kh.hp,kh.tp,kh.dnhi,kh.cs,kh.ch,hung.thinh,kh.bm,kh.cho,kh.nt,kh.hthanh,kh.kh,kh.th,kh.tt,kh.lt,thuy.tinh,tr.binh,3,4,3,5,5,3,4,4,5,4,3,3,1997,South,female,student,university,22,20_24t
KS2_177,5,3,3,4,3,2,3,1,5,4,4,5,4,4,4,5,4,5,5,5,4,5,3,5,kh.pq,kh.pt,nam.ngu,kh.hp,kh.tp,kh.dnhi,kh.cs,kh.ch,kh.ht,kh.bm,kh.cho,kh.nt,kh.hthanh,kh.kh,kh.th,kh.tt,kh.lt,nhua,t.xuyen,3,5,3,5,5,5,5,3,5,5,3,5,1997,Middle,male,student,university,22,20_24t
KS2_178,5,5,4,4,4,3,3,4,4,4,4,4,4,4,4,3,3,3,3,4,3,3,3,4,kh.pq,kh.pt,nam.ngu,kh.hp,kh.tp,kh.dnhi,kh.cs,kh.ch,kh.ht,kh.bm,kh.cho,kh.nt,kh.hthanh,kh.kh,kh.th,kh.tt,kh.lt,nhua,t.xuyen,4,4,4,4,3,4,4,4,3,5,5,5,1997,South,male,student,university,22,20_24t
KS2_179,4,3,5,4,5,4,3,5,4,4,3,4,4,4,5,5,3,5,5,5,4,4,3,3,kh.pq,kh.pt,nam.ngu,kh.hp,kh.tp,kh.dnhi,kh.cs,kh.ch,kh.ht,kh.bm,kh.cho,kh.nt,kh.hthanh,kh.kh,kh.th,kh.tt,kh.lt,nhua,th.th,4,5,4,4,5,3,5,4,4,5,4,4,1997,Middle,female,student,university,22,20_24t
KS2_180,3,5,3,5,3,3,4,2,4,4,4,4,3,4,5,4,4,2,4,4,3,4,4,3,kh.pq,kh.pt,nam.ngu,kh.hp,kh.tp,de.nhi,kh.cs,kh.ch,kh.ht,kh.bm,kh.cho,kh.nt,kh.hthanh,kh.kh,kh.th,kh.tt,kh.lt,nhua,t.xuyen,4,4,4,4,4,4,5,4,4,4,5,5,1997,Middle,male,student,university,22,20_24t
KS2_181,5,5,4,4,4,4,5,4,4,4,4,5,3,5,3,5,4,3,3,5,4,4,4,4,kh.pq,kh.pt,kh.nn,hanh.phuc,kh.tp,kh.dnhi,chinsu,kh.ch,hung.thinh,kh.bm,kh.cho,kh.nt,kh.hthanh,kh.kh,kh.th,kh.tt,kh.lt,thuy.tinh,t.xuyen,5,4,4,5,4,4,3,4,3,4,4,5,1997,Middle,female,student,university,22,20_24t
KS2_182,4,4,4,4,4,5,3,2,5,4,3,4,4,4,3,3,3,3,2,3,5,4,5,5,kh.pq,kh.pt,kh.nn,hanh.phuc,kh.tp,kh.dnhi,kh.cs,kh.ch,kh.ht,kh.bm,kh.cho,kh.nt,kh.hthanh,kh.kh,kh.th,kh.tt,kh.lt,thuy.tinh,th.th,4,5,4,4,3,4,3,4,3,4,4,4,1997,South,female,student,university,22,20_24t
KS2_183,4,5,5,4,5,3,3,5,5,4,4,3,4,4,3,4,2,4,4,3,4,3,4,3,kh.pq,kh.pt,kh.nn,kh.hp,kh.tp,de.nhi,kh.cs,kh.ch,kh.ht,kh.bm,kh.cho,kh.nt,kh.hthanh,kh.kh,kh.th,kh.tt,kh.lt,nhua,t.xuyen,4,4,4,3,5,5,5,4,5,5,4,4,1998,Middle,male,student,university,21,20_24t
KS2_184,5,3,5,3,5,3,5,4,5,3,5,4,4,5,3,4,3,2,3,4,4,3,3,4,phu.quoc,kh.pt,kh.nn,kh.hp,kh.tp,kh.dnhi,kh.cs,kh.ch,kh.ht,kh.bm,kh.cho,kh.nt,kh.hthanh,kh.kh,kh.th,kh.tt,kh.lt,thuy.tinh,t.xuyen,5,4,4,3,3,3,5,4,2,5,4,4,1997,South,female,student,university,22,20_24t
KS2_185,3,4,4,3,4,5,5,5,4,5,5,4,4,4,5,4,3,3,3,5,3,2,3,4,kh.pq,kh.pt,nam.ngu,kh.hp,kh.tp,kh.dnhi,chinsu,kh.ch,kh.ht,kh.bm,kh.cho,kh.nt,kh.hthanh,kh.kh,kh.th,kh.tt,kh.lt,thuy.tinh,th.th,5,4,5,5,4,4,5,5,1,5,3,5,1994,North,female,full.time,university,25,25_35t
KS2_186,4,4,4,5,4,1,1,1,5,3,4,5,2,5,3,4,5,1,1,2,3,4,4,5,kh.pq,kh.pt,nam.ngu,kh.hp,kh.tp,kh.dnhi,chinsu,kh.ch,kh.ht,kh.bm,kh.cho,kh.nt,kh.hthanh,kh.kh,kh.th,kh.tt,kh.lt,nhua,t.xuyen,3,3,5,4,3,4,5,4,3,5,3,4,1997,South,female,student,university,22,20_24t
KS2_187,3,4,3,3,3,4,3,4,4,4,4,4,4,3,4,4,2,5,3,5,4,4,4,5,kh.pq,kh.pt,nam.ngu,kh.hp,kh.tp,kh.dnhi,kh.cs,kh.ch,kh.ht,kh.bm,kh.cho,kh.nt,kh.hthanh,kh.kh,kh.th,kh.tt,kh.lt,nhua,tr.binh,3,3,4,4,4,5,5,4,4,4,4,5,1997,South,female,student,university,22,20_24t
KS2_188,4,3,3,4,3,4,3,4,5,5,5,4,4,3,4,3,3,4,4,5,3,4,4,5,phu.quoc,kh.pt,nam.ngu,kh.hp,kh.tp,kh.dnhi,kh.cs,kh.ch,kh.ht,kh.bm,kh.cho,kh.nt,kh.hthanh,kh.kh,kh.th,kh.tt,kh.lt,thuy.tinh,t.xuyen,4,4,5,4,5,5,5,4,4,5,4,4,1997,South,female,student,university,22,20_24t
KS2_189,5,5,5,3,5,4,4,5,5,3,5,4,4,3,4,4,2,3,4,4,3,3,5,4,kh.pq,kh.pt,kh.nn,kh.hp,kh.tp,kh.dnhi,chinsu,kh.ch,kh.ht,kh.bm,kh.cho,kh.nt,kh.hthanh,kh.kh,kh.th,kh.tt,kh.lt,thuy.tinh,tr.binh,4,5,4,5,4,3,5,5,4,5,5,5,1996,South,male,student,university,23,20_24t
KS2_190,4,4,5,4,5,5,5,5,5,4,5,4,4,4,3,4,3,3,3,4,3,3,4,4,kh.pq,kh.pt,nam.ngu,kh.hp,kh.tp,kh.dnhi,kh.cs,kh.ch,kh.ht,kh.bm,kh.cho,kh.nt,kh.hthanh,kh.kh,kh.th,kh.tt,kh.lt,nhua,tr.binh,4,5,4,4,4,5,4,4,3,5,5,5,1997,South,female,student,university,22,20_24t
KS2_191,4,5,5,5,5,5,3,4,5,4,3,4,4,4,3,5,3,3,2,5,5,4,5,5,kh.pq,kh.pt,kh.nn,hanh.phuc,kh.tp,kh.dnhi,kh.cs,kh.ch,kh.ht,kh.bm,kh.cho,kh.nt,kh.hthanh,kh.kh,kh.th,kh.tt,kh.lt,thuy.tinh,t.xuyen,3,5,4,5,3,4,5,4,4,5,4,5,1996,South,female,student,university,23,20_24t
KS2_192,4,3,4,3,4,4,5,3,3,4,3,4,4,3,4,4,3,3,3,3,4,5,5,4,kh.pq,kh.pt,kh.nn,hanh.phuc,kh.tp,kh.dnhi,kh.cs,kh.ch,kh.ht,kh.bm,kh.cho,kh.nt,kh.hthanh,kh.kh,kh.th,kh.tt,kh.lt,thuy.tinh,t.xuyen,4,4,4,4,2,5,5,3,4,5,5,5,1996,Middle,female,student,university,23,20_24t
KS2_193,4,5,2,5,2,4,2,4,5,4,4,5,4,4,4,5,4,5,3,5,3,4,3,3,kh.pq,kh.pt,nam.ngu,kh.hp,kh.tp,kh.dnhi,kh.cs,kh.ch,kh.ht,kh.bm,kh.cho,kh.nt,kh.hthanh,kh.kh,kh.th,kh.tt,kh.lt,nhua,tr.binh,4,5,4,5,5,5,5,3,3,3,4,5,1997,South,male,student,university,22,20_24t
KS2_194,3,4,4,3,4,5,4,4,5,5,5,4,4,4,3,4,3,5,4,5,4,5,4,4,phu.quoc,kh.pt,kh.nn,kh.hp,kh.tp,kh.dnhi,kh.cs,kh.ch,kh.ht,kh.bm,kh.cho,kh.nt,kh.hthanh,khai.hoan,kh.th,kh.tt,kh.lt,thuy.tinh,t.xuyen,4,5,3,5,3,3,5,3,3,5,4,5,1995,South,female,student,university,24,20_24t
KS2_195,4,5,4,3,4,3,4,1,4,3,5,5,4,5,4,4,3,3,2,4,3,3,4,4,phu.quoc,kh.pt,kh.nn,kh.hp,kh.tp,kh.dnhi,kh.cs,kh.ch,kh.ht,kh.bm,kh.cho,kh.nt,kh.hthanh,kh.kh,kh.th,kh.tt,kh.lt,thuy.tinh,t.xuyen,4,4,4,3,3,3,3,5,4,5,4,3,1997,South,female,student,university,22,20_24t
KS2_196,4,3,3,2,3,3,3,5,5,3,3,3,3,3,5,5,2,5,4,5,4,5,4,4,kh.pq,kh.pt,nam.ngu,kh.hp,kh.tp,kh.dnhi,kh.cs,kh.ch,hung.thinh,kh.bm,kh.cho,kh.nt,kh.hthanh,kh.kh,kh.th,kh.tt,kh.lt,thuy.tinh,t.xuyen,4,5,4,4,5,4,5,4,4,5,4,3,1996,South,female,part.time,university,23,20_24t
KS2_197,4,4,5,5,5,4,3,5,5,4,4,4,4,3,5,5,5,5,4,5,4,4,5,4,kh.pq,phan.thiet,kh.nn,kh.hp,kh.tp,kh.dnhi,kh.cs,kh.ch,kh.ht,kh.bm,kh.cho,kh.nt,kh.hthanh,kh.kh,kh.th,kh.tt,kh.lt,nhua,t.xuyen,4,5,4,5,5,4,4,5,4,5,4,4,1997,South,female,student,university,22,20_24t
KS2_198,5,5,4,4,4,4,2,3,4,3,4,4,4,2,2,3,4,3,3,3,4,3,3,4,kh.pq,kh.pt,nam.ngu,kh.hp,kh.tp,kh.dnhi,kh.cs,kh.ch,kh.ht,kh.bm,kh.cho,kh.nt,kh.hthanh,kh.kh,kh.th,kh.tt,kh.lt,nhua,t.xuyen,3,4,3,3,4,5,4,3,3,4,4,3,1997,South,female,part.time,university,22,20_24t
KS2_199,4,3,4,3,4,4,3,3,5,4,5,4,3,4,4,3,4,3,3,4,4,4,3,4,kh.pq,kh.pt,kh.nn,kh.hp,kh.tp,kh.dnhi,kh.cs,kh.ch,kh.ht,kh.bm,kh.cho,kh.nt,kh.hthanh,kh.kh,kh.th,kh.tt,lien.thanh,thuy.tinh,tr.binh,4,4,4,4,3,3,5,3,3,5,4,4,1997,South,female,part.time,university,22,20_24t
KS2_200,4,3,4,2,4,5,5,5,4,5,4,4,4,1,3,4,2,4,4,5,4,4,4,5,kh.pq,kh.pt,nam.ngu,kh.hp,kh.tp,kh.dnhi,kh.cs,kh.ch,kh.ht,kh.bm,kh.cho,kh.nt,kh.hthanh,kh.kh,kh.th,kh.tt,kh.lt,nhua,t.xuyen,4,4,5,5,5,5,4,5,4,4,4,5,1997,South,female,student,university,22,20_24t
KS2_201,4,4,4,4,4,4,4,4,4,4,4,3,3,4,3,4,4,4,3,5,4,4,3,4,kh.pq,kh.pt,nam.ngu,kh.hp,kh.tp,kh.dnhi,kh.cs,kh.ch,kh.ht,kh.bm,kh.cho,kh.nt,kh.hthanh,kh.kh,kh.th,kh.tt,kh.lt,nhua,tr.binh,4,4,4,5,4,4,5,4,4,4,5,4,1997,South,male,student,university,22,20_24t
KS2_202,2,4,2,2,2,4,3,3,4,4,4,4,4,4,2,2,1,2,3,4,3,3,4,5,kh.pq,kh.pt,kh.nn,kh.hp,kh.tp,kh.dnhi,kh.cs,kh.ch,kh.ht,kh.bm,kh.cho,nha.trang,kh.hthanh,kh.kh,kh.th,kh.tt,kh.lt,thuy.tinh,th.th,4,4,4,4,3,3,4,4,2,4,5,5,1999,Middle,male,student,university,20,20_24t
KS2_203,5,4,5,4,5,4,4,3,5,4,4,4,4,4,4,4,4,4,4,4,4,4,3,3,kh.pq,kh.pt,nam.ngu,kh.hp,kh.tp,kh.dnhi,kh.cs,kh.ch,kh.ht,kh.bm,kh.cho,kh.nt,kh.hthanh,kh.kh,thien.huong,kh.tt,kh.lt,thuy.tinh,th.th,4,5,4,5,4,4,3,4,5,4,4,4,1997,South,female,student,university,22,20_24t
KS2_204,5,5,4,5,4,3,2,2,5,3,3,3,3,5,5,5,1,3,2,5,3,4,3,4,kh.pq,kh.pt,nam.ngu,kh.hp,kh.tp,kh.dnhi,kh.cs,kh.ch,kh.ht,kh.bm,kh.cho,kh.nt,kh.hthanh,kh.kh,kh.th,kh.tt,kh.lt,nhua,t.xuyen,3,5,4,4,4,2,5,3,4,5,3,3,1992,Middle,female,full.time,university,27,25_35t
KS2_205,4,4,4,3,4,4,5,5,5,4,4,5,3,4,3,4,4,3,3,3,3,3,3,3,phu.quoc,kh.pt,kh.nn,kh.hp,kh.tp,kh.dnhi,kh.cs,kh.ch,kh.ht,kh.bm,kh.cho,kh.nt,kh.hthanh,kh.kh,kh.th,kh.tt,kh.lt,thuy.tinh,tr.binh,5,4,5,5,3,3,5,5,3,5,5,5,1986,Middle,male,full.time,university,33,25_35t
KS2_206,4,4,4,4,4,5,4,5,4,4,4,5,4,5,4,4,5,4,3,4,3,3,4,5,kh.pq,phan.thiet,kh.nn,kh.hp,kh.tp,kh.dnhi,kh.cs,kh.ch,kh.ht,kh.bm,kh.cho,kh.nt,kh.hthanh,kh.kh,kh.th,kh.tt,kh.lt,thuy.tinh,t.xuyen,5,4,5,5,4,4,5,4,4,5,5,5,1990,South,male,full.time,university,29,25_35t
KS2_207,5,5,5,3,5,4,4,3,5,4,4,4,3,4,4,5,3,4,5,5,3,3,3,3,kh.pq,kh.pt,nam.ngu,kh.hp,kh.tp,kh.dnhi,kh.cs,kh.ch,kh.ht,kh.bm,kh.cho,kh.nt,kh.hthanh,kh.kh,kh.th,kh.tt,kh.lt,nhua,tr.binh,4,2,4,5,5,3,3,3,4,5,3,4,1997,South,female,student,university,22,20_24t
KS2_208,5,4,5,4,5,3,4,3,4,3,3,4,3,5,5,5,5,3,3,4,4,3,3,3,kh.pq,kh.pt,nam.ngu,kh.hp,kh.tp,kh.dnhi,kh.cs,kh.ch,kh.ht,kh.bm,kh.cho,kh.nt,kh.hthanh,kh.kh,kh.th,kh.tt,kh.lt,nhua,tr.binh,4,5,4,4,4,4,3,3,3,5,4,3,1997,North,male,full.time,university,22,20_24t
KS2_209,5,4,4,3,4,4,3,4,3,4,3,4,3,3,3,4,3,5,4,4,4,4,5,5,kh.pq,kh.pt,nam.ngu,kh.hp,kh.tp,kh.dnhi,kh.cs,kh.ch,kh.ht,kh.bm,kh.cho,kh.nt,kh.hthanh,kh.kh,kh.th,kh.tt,kh.lt,nhua,tr.binh,3,4,3,4,5,5,4,3,4,4,4,3,1997,Middle,female,student,university,22,20_24t
KS2_210,5,4,4,1,4,4,4,5,4,5,4,5,4,4,3,5,5,4,4,4,4,4,5,5,kh.pq,kh.pt,nam.ngu,kh.hp,kh.tp,de.nhi,kh.cs,kh.ch,kh.ht,kh.bm,kh.cho,kh.nt,kh.hthanh,kh.kh,kh.th,kh.tt,kh.lt,nhua,t.xuyen,3,4,5,4,4,5,4,5,5,5,4,5,1997,South,male,student,university,22,20_24t
KS2_211,4,5,5,4,5,4,5,4,4,4,4,5,4,4,4,5,2,5,4,5,4,4,4,5,kh.pq,kh.pt,nam.ngu,kh.hp,kh.tp,kh.dnhi,kh.cs,kh.ch,kh.ht,kh.bm,kh.cho,kh.nt,kh.hthanh,kh.kh,kh.th,kh.tt,kh.lt,nhua,t.xuyen,3,4,4,5,5,5,5,4,5,5,5,5,1997,Middle,female,student,university,22,20_24t
KS2_212,5,3,5,5,5,3,3,5,5,3,3,5,4,5,5,5,2,4,4,5,3,4,4,3,kh.pq,kh.pt,nam.ngu,kh.hp,kh.tp,kh.dnhi,chinsu,kh.ch,kh.ht,kh.bm,kh.cho,kh.nt,kh.hthanh,kh.kh,kh.th,kh.tt,kh.lt,nhua,t.xuyen,3,2,2,4,5,5,4,4,5,4,4,3,1997,South,female,part.time,university,22,20_24t
KS2_213,1,2,1,3,1,4,4,4,4,4,3,4,4,5,2,2,4,4,4,4,4,4,4,4,kh.pq,kh.pt,kh.nn,kh.hp,kh.tp,kh.dnhi,chinsu,kh.ch,kh.ht,kh.bm,kh.cho,kh.nt,kh.hthanh,kh.kh,kh.th,kh.tt,kh.lt,nhua,t.xuyen,4,4,5,4,4,4,4,5,5,5,4,5,1997,Middle,female,student,university,22,20_24t
KS2_214,5,5,5,4,5,5,4,4,4,4,4,4,3,1,4,5,3,4,3,4,3,4,4,4,kh.pq,kh.pt,kh.nn,kh.hp,kh.tp,kh.dnhi,kh.cs,kh.ch,hung.thinh,kh.bm,kh.cho,kh.nt,kh.hthanh,kh.kh,kh.th,kh.tt,kh.lt,thuy.tinh,tr.binh,4,3,3,4,3,3,5,3,3,4,5,5,1997,North,female,part.time,university,22,20_24t
KS2_215,4,4,2,2,2,3,4,3,4,4,4,4,3,3,4,3,2,3,3,4,3,4,4,4,kh.pq,kh.pt,nam.ngu,kh.hp,kh.tp,kh.dnhi,chinsu,kh.ch,kh.ht,kh.bm,kh.cho,kh.nt,kh.hthanh,kh.kh,kh.th,kh.tt,kh.lt,nhua,t.xuyen,5,4,4,5,3,4,5,3,4,4,5,5,1993,North,male,full.time,university,26,25_35t
KS2_216,5,1,3,5,3,3,5,3,4,3,4,4,3,3,3,3,3,5,3,3,5,5,5,5,kh.pq,kh.pt,kh.nn,kh.hp,kh.tp,kh.dnhi,kh.cs,kh.ch,hung.thinh,kh.bm,kh.cho,kh.nt,kh.hthanh,kh.kh,kh.th,kh.tt,kh.lt,thuy.tinh,t.xuyen,4,3,3,4,3,3,3,3,4,4,4,4,1978,South,female,full.time,university,41,>35t
KS2_217,5,5,5,4,5,4,4,1,4,4,4,3,3,3,5,3,3,4,3,4,4,3,4,3,kh.pq,kh.pt,kh.nn,kh.hp,kh.tp,kh.dnhi,chinsu,kh.ch,kh.ht,kh.bm,kh.cho,kh.nt,kh.hthanh,kh.kh,kh.th,kh.tt,kh.lt,thuy.tinh,t.xuyen,3,3,4,3,3,3,5,5,4,4,4,4,1975,North,male,full.time,university,44,>35t
KS2_218,3,3,5,4,5,3,3,4,4,4,3,4,3,3,4,5,2,3,3,4,4,4,4,4,kh.pq,kh.pt,kh.nn,kh.hp,kh.tp,kh.dnhi,chinsu,kh.ch,kh.ht,kh.bm,kh.cho,kh.nt,kh.hthanh,kh.kh,kh.th,kh.tt,kh.lt,nhua,t.xuyen,3,4,3,4,4,4,4,4,3,4,4,5,1980,North,female,full.time,university,39,>35t
KS2_219,5,5,5,5,5,3,3,3,4,3,4,2,3,3,4,5,5,4,3,4,4,4,3,4,kh.pq,kh.pt,kh.nn,kh.hp,kh.tp,kh.dnhi,chinsu,kh.ch,kh.ht,kh.bm,kh.cho,kh.nt,kh.hthanh,kh.kh,kh.th,kh.tt,kh.lt,thuy.tinh,t.xuyen,3,4,3,3,4,4,4,4,3,3,3,3,1988,North,male,full.time,university,31,25_35t
KS2_220,5,5,4,4,4,3,5,3,5,2,4,3,2,4,4,5,4,3,3,3,3,4,4,5,kh.pq,kh.pt,nam.ngu,kh.hp,kh.tp,kh.dnhi,kh.cs,kh.ch,kh.ht,kh.bm,kh.cho,kh.nt,kh.hthanh,kh.kh,kh.th,kh.tt,kh.lt,nhua,t.xuyen,3,4,3,3,4,4,5,3,3,4,4,4,1994,South,female,full.time,university,25,25_35t
KS2_221,4,4,3,3,3,4,4,5,4,3,5,3,4,3,3,4,2,5,4,4,4,5,5,4,phu.quoc,kh.pt,kh.nn,kh.hp,kh.tp,kh.dnhi,kh.cs,kh.ch,kh.ht,kh.bm,kh.cho,kh.nt,kh.hthanh,kh.kh,kh.th,kh.tt,kh.lt,thuy.tinh,t.xuyen,5,4,3,4,4,5,5,4,5,4,4,5,1970,Middle,male,full.time,university,49,>35t
KS2_222,4,5,3,4,3,3,5,5,5,3,5,5,3,3,5,5,5,5,3,5,3,3,2,3,kh.pq,kh.pt,kh.nn,kh.hp,kh.tp,kh.dnhi,kh.cs,kh.ch,kh.ht,kh.bm,kh.cho,nha.trang,kh.hthanh,kh.kh,kh.th,kh.tt,kh.lt,thuy.tinh,t.xuyen,5,4,5,5,5,2,4,5,4,5,5,4,1982,Middle,female,full.time,university,37,>35t
KS2_223,4,5,4,2,4,3,4,4,4,4,4,4,3,5,4,3,3,5,4,4,4,4,4,3,kh.pq,kh.pt,kh.nn,kh.hp,kh.tp,kh.dnhi,kh.cs,kh.ch,kh.ht,kh.bm,kh.cho,nha.trang,kh.hthanh,kh.kh,kh.th,kh.tt,kh.lt,thuy.tinh,t.xuyen,5,4,4,4,4,4,4,4,4,3,3,3,1980,South,male,full.time,university,39,>35t
KS2_224,4,4,4,2,4,4,5,3,2,3,2,4,2,3,4,4,4,3,3,3,4,4,4,3,phu.quoc,kh.pt,nam.ngu,kh.hp,kh.tp,kh.dnhi,kh.cs,kh.ch,kh.ht,kh.bm,kh.cho,kh.nt,kh.hthanh,kh.kh,kh.th,kh.tt,lien.thanh,thuy.tinh,t.xuyen,5,4,2,5,3,4,4,2,4,4,3,4,1978,South,male,full.time,university,41,>35t
KS2_225,5,5,3,4,3,3,4,4,5,3,4,5,5,5,5,5,4,5,5,5,4,4,5,5,kh.pq,kh.pt,kh.nn,kh.hp,kh.tp,kh.dnhi,kh.cs,kh.ch,hung.thinh,kh.bm,kh.cho,kh.nt,kh.hthanh,kh.kh,kh.th,kh.tt,kh.lt,thuy.tinh,t.xuyen,3,5,5,4,5,5,4,5,5,5,4,4,1988,North,female,full.time,university,31,25_35t
KS2_226,3,4,4,3,4,4,4,5,5,4,4,4,5,4,4,3,3,5,5,4,5,4,4,4,phu.quoc,kh.pt,kh.nn,kh.hp,kh.tp,kh.dnhi,kh.cs,kh.ch,kh.ht,kh.bm,kh.cho,kh.nt,kh.hthanh,kh.kh,kh.th,kh.tt,kh.lt,nhua,t.xuyen,4,4,5,4,3,3,3,4,3,5,4,3,1983,Middle,female,full.time,university,36,>35t
KS2_227,2,4,3,3,3,4,3,3,4,3,2,3,3,3,3,3,2,3,3,2,4,4,3,3,kh.pq,phan.thiet,kh.nn,kh.hp,kh.tp,kh.dnhi,kh.cs,kh.ch,kh.ht,kh.bm,kh.cho,kh.nt,kh.hthanh,kh.kh,kh.th,kh.tt,kh.lt,thuy.tinh,t.xuyen,3,4,5,5,4,3,4,4,3,3,3,3,1990,South,female,full.time,university,29,25_35t
KS2_228,4,2,4,4,4,4,4,2,5,2,5,4,3,3,4,5,5,5,2,4,3,3,4,5,phu.quoc,phan.thiet,kh.nn,kh.hp,kh.tp,kh.dnhi,kh.cs,kh.ch,kh.ht,kh.bm,kh.cho,kh.nt,kh.hthanh,kh.kh,kh.th,kh.tt,kh.lt,thuy.tinh,t.xuyen,4,5,3,4,4,4,5,4,3,4,3,3,1989,South,female,full.time,university,30,25_35t
KS2_229,5,5,4,4,4,4,4,2,4,4,5,5,3,5,4,5,4,4,2,5,5,5,4,3,kh.pq,kh.pt,kh.nn,hanh.phuc,kh.tp,kh.dnhi,kh.cs,kh.ch,kh.ht,kh.bm,kh.cho,kh.nt,kh.hthanh,kh.kh,kh.th,kh.tt,kh.lt,thuy.tinh,t.xuyen,4,5,4,5,4,5,5,4,5,5,5,5,1971,South,female,full.time,university,48,>35t
KS2_230,5,4,5,4,5,4,4,4,4,5,5,5,5,5,5,5,5,4,5,5,5,4,4,4,kh.pq,kh.pt,kh.nn,kh.hp,kh.tp,kh.dnhi,chinsu,kh.ch,kh.ht,kh.bm,kh.cho,kh.nt,kh.hthanh,kh.kh,kh.th,kh.tt,kh.lt,thuy.tinh,t.xuyen,5,4,5,5,4,4,5,4,4,5,4,5,1984,South,female,full.time,university,35,25_35t
KS2_231,4,2,3,4,3,4,5,3,4,3,4,5,3,3,3,4,4,4,3,4,3,4,4,4,kh.pq,kh.pt,kh.nn,kh.hp,kh.tp,kh.dnhi,kh.cs,kh.ch,kh.ht,kh.bm,kh.cho,kh.nt,kh.hthanh,kh.kh,kh.th,kh.tt,lien.thanh,thuy.tinh,t.xuyen,5,3,3,4,4,5,5,3,4,3,3,3,1979,South,male,full.time,university,40,>35t
KS2_232,4,5,3,5,3,4,5,4,4,4,5,4,5,5,5,5,4,5,4,4,5,4,4,4,kh.pq,kh.pt,kh.nn,hanh.phuc,kh.tp,kh.dnhi,kh.cs,kh.ch,kh.ht,kh.bm,kh.cho,kh.nt,kh.hthanh,kh.kh,kh.th,kh.tt,kh.lt,thuy.tinh,tr.binh,5,4,5,5,5,5,5,4,4,5,4,4,1979,South,female,full.time,university,40,>35t
KS2_233,4,3,4,4,4,4,4,3,5,3,4,4,3,3,4,5,5,5,3,5,3,3,5,5,kh.pq,kh.pt,kh.nn,kh.hp,kh.tp,kh.dnhi,chinsu,kh.ch,kh.ht,kh.bm,kh.cho,kh.nt,hong.thanh,kh.kh,kh.th,kh.tt,kh.lt,thuy.tinh,t.xuyen,3,3,5,4,4,4,5,2,3,5,3,4,1982,South,male,full.time,university,37,>35t
KS2_234,4,2,3,3,3,4,4,4,3,3,4,4,3,3,3,4,4,3,4,3,3,4,3,4,kh.pq,phan.thiet,kh.nn,kh.hp,kh.tp,kh.dnhi,kh.cs,kh.ch,kh.ht,kh.bm,kh.cho,kh.nt,kh.hthanh,kh.kh,kh.th,kh.tt,kh.lt,thuy.tinh,t.xuyen,5,4,4,5,5,4,5,5,5,5,5,4,1988,North,female,full.time,university,31,25_35t
KS2_235,5,3,3,5,5,5,5,4,5,5,3,4,3,5,5,5,3,4,2,5,4,5,3,4,kh.pq,kh.pt,kh.nn,kh.hp,kh.tp,kh.dnhi,kh.cs,kh.ch,kh.ht,kh.bm,kh.cho,kh.nt,kh.hthanh,kh.kh,kh.th,kh.tt,lien.thanh,thuy.tinh,tr.binh,4,5,5,5,4,4,5,5,3,5,5,4,1983,South,female,full.time,university,36,>35t
KS2_236,5,4,4,4,4,4,4,4,3,4,4,4,4,4,3,4,4,4,4,4,3,4,4,4,kh.pq,kh.pt,kh.nn,hanh.phuc,kh.tp,kh.dnhi,kh.cs,kh.ch,kh.ht,kh.bm,kh.cho,kh.nt,kh.hthanh,kh.kh,kh.th,kh.tt,kh.lt,thuy.tinh,t.xuyen,3,4,3,2,3,2,3,4,5,5,5,5,1987,South,female,full.time,highschool,32,25_35t
KS2_237,5,5,4,4,3,4,5,4,5,4,3,5,4,3,5,4,5,3,2,4,4,4,4,4,kh.pq,kh.pt,kh.nn,hanh.phuc,kh.tp,kh.dnhi,kh.cs,kh.ch,kh.ht,kh.bm,kh.cho,kh.nt,kh.hthanh,kh.kh,kh.th,kh.tt,kh.lt,thuy.tinh,t.xuyen,4,4,4,5,4,4,4,4,2,4,5,4,1986,South,male,full.time,university,33,25_35t
KS2_238,5,5,4,4,4,3,3,3,5,3,2,1,2,3,2,5,4,2,2,4,3,4,4,5,kh.pq,kh.pt,nam.ngu,kh.hp,kh.tp,kh.dnhi,kh.cs,kh.ch,kh.ht,kh.bm,kh.cho,kh.nt,hong.thanh,kh.kh,kh.th,kh.tt,kh.lt,thuy.tinh,tr.binh,3,5,3,4,3,4,5,3,3,5,3,4,1989,North,female,part.time,university,30,25_35t
KS2_239,4,4,3,4,4,4,4,3,3,3,4,4,3,3,4,4,4,4,3,3,3,4,3,3,kh.pq,kh.pt,kh.nn,hanh.phuc,kh.tp,kh.dnhi,kh.cs,kh.ch,kh.ht,kh.bm,kh.cho,kh.nt,kh.hthanh,kh.kh,kh.th,kh.tt,kh.lt,thuy.tinh,t.xuyen,5,3,4,4,5,5,5,3,2,3,3,3,1986,North,female,full.time,university,33,25_35t
KS2_240,5,4,3,4,4,4,5,4,5,4,5,4,3,3,4,4,5,4,2,4,4,3,4,4,kh.pq,kh.pt,kh.nn,kh.hp,kh.tp,kh.dnhi,kh.cs,kh.ch,hung.thinh,kh.bm,kh.cho,kh.nt,kh.hthanh,kh.kh,kh.th,kh.tt,kh.lt,thuy.tinh,t.xuyen,4,4,4,3,4,3,5,5,3,4,3,4,1978,South,male,full.time,university,41,>35t
KS2_241,5,4,4,5,4,4,5,5,4,5,5,4,4,4,5,5,5,3,5,4,5,5,4,5,kh.pq,kh.pt,kh.nn,kh.hp,kh.tp,kh.dnhi,chinsu,kh.ch,hung.thinh,kh.bm,kh.cho,kh.nt,kh.hthanh,kh.kh,kh.th,kh.tt,kh.lt,thuy.tinh,t.xuyen,5,5,5,5,4,5,4,5,3,5,5,5,1981,Middle,female,full.time,university,38,>35t
KS2_242,4,5,4,5,4,3,5,4,5,5,4,5,2,3,5,5,5,5,4,4,5,5,3,4,phu.quoc,kh.pt,kh.nn,kh.hp,kh.tp,kh.dnhi,kh.cs,kh.ch,kh.ht,kh.bm,kh.cho,kh.nt,kh.hthanh,kh.kh,kh.th,kh.tt,lien.thanh,thuy.tinh,t.xuyen,4,5,4,5,4,3,5,4,4,4,3,5,1960,South,male,full.time,university,59,>35t
KS2_243,5,5,3,4,4,5,5,4,5,4,5,5,5,3,4,5,5,4,5,5,5,5,5,4,kh.pq,kh.pt,kh.nn,hanh.phuc,kh.tp,kh.dnhi,kh.cs,kh.ch,kh.ht,kh.bm,kh.cho,kh.nt,kh.hthanh,kh.kh,kh.th,kh.tt,kh.lt,thuy.tinh,tr.binh,5,5,5,5,4,4,4,3,4,5,5,5,1969,South,female,full.time,highschool,50,>35t
KS2_244,4,4,4,4,4,4,5,4,4,4,4,5,3,4,5,5,5,3,2,4,4,4,3,4,kh.pq,kh.pt,kh.nn,kh.hp,kh.tp,kh.dnhi,kh.cs,kh.ch,kh.ht,kh.bm,kh.cho,kh.nt,kh.hthanh,khai.hoan,kh.th,kh.tt,kh.lt,thuy.tinh,tr.binh,4,5,5,5,4,4,5,5,3,5,4,5,1985,North,female,full.time,university,34,25_35t
KS2_245,3,3,3,3,5,3,2,3,3,5,5,3,2,4,4,3,3,4,3,3,3,3,3,3,kh.pq,kh.pt,kh.nn,kh.hp,kh.tp,kh.dnhi,kh.cs,kh.ch,hung.thinh,kh.bm,kh.cho,kh.nt,kh.hthanh,khai.hoan,kh.th,kh.tt,kh.lt,thuy.tinh,t.xuyen,5,5,3,5,4,4,4,5,3,4,5,3,1989,South,female,full.time,university,48,>35t
KS2_246,4,4,4,4,4,5,5,4,3,4,3,4,3,4,3,4,3,3,3,4,4,4,3,4,kh.pq,kh.pt,kh.nn,kh.hp,kh.tp,kh.dnhi,chinsu,kh.ch,kh.ht,kh.bm,kh.cho,kh.nt,kh.hthanh,kh.kh,kh.th,kh.tt,kh.lt,nhua,tr.binh,5,3,3,5,3,3,2,3,3,4,5,3,1971,South,female,full.time,university,31,25_35t
KS2_247,3,5,3,4,4,5,5,5,4,5,4,5,5,4,3,5,4,4,3,4,3,5,4,4,kh.pq,kh.pt,kh.nn,hanh.phuc,kh.tp,kh.dnhi,kh.cs,kh.ch,kh.ht,kh.bm,kh.cho,kh.nt,kh.hthanh,kh.kh,kh.th,kh.tt,kh.lt,thuy.tinh,tr.binh,5,3,3,5,3,2,4,5,2,4,5,5,1988,Middle,female,part.time,highschool,31,25_35t
KS2_248,4,5,4,5,4,5,4,5,5,5,5,4,5,5,5,5,4,5,4,4,5,5,5,4,kh.pq,kh.pt,kh.nn,kh.hp,kh.tp,kh.dnhi,chinsu,kh.ch,kh.ht,kh.bm,kh.cho,kh.nt,kh.hthanh,kh.kh,kh.th,kh.tt,kh.lt,thuy.tinh,tr.binh,5,5,4,5,3,4,3,4,5,5,5,2,1986,South,female,full.time,university,33,25_35t
KS2_249,4,4,3,3,4,5,5,4,3,3,5,5,4,4,3,4,3,4,3,3,3,4,3,3,kh.pq,kh.pt,kh.nn,hanh.phuc,kh.tp,kh.dnhi,kh.cs,kh.ch,kh.ht,kh.bm,kh.cho,kh.nt,kh.hthanh,kh.kh,kh.th,kh.tt,kh.lt,thuy.tinh,th.th,5,4,5,5,4,4,4,5,5,5,5,4,1971,South,male,full.time,university,48,>35t
KS2_250,5,4,4,4,4,4,5,4,4,1,3,4,1,3,4,4,5,2,2,4,4,2,2,4,kh.pq,kh.pt,kh.nn,hanh.phuc,kh.tp,kh.dnhi,kh.cs,kh.ch,kh.ht,kh.bm,kh.cho,kh.nt,kh.hthanh,kh.kh,kh.th,kh.tt,lien.thanh,thuy.tinh,t.xuyen,4,4,4,3,4,4,4,4,2,4,5,4,1987,South,female,full.time,university,32,25_35t
KS2_251,5,3,3,3,4,3,5,4,4,4,3,4,4,4,4,5,5,2,4,4,3,3,3,4,kh.pq,kh.pt,kh.nn,kh.hp,kh.tp,kh.dnhi,kh.cs,kh.ch,kh.ht,kh.bm,kh.cho,kh.nt,kh.hthanh,kh.kh,kh.th,tu.tuyet,kh.lt,thuy.tinh,th.th,5,4,5,5,4,4,5,5,4,5,4,4,1981,Middle,female,full.time,university,38,>35t
KS2_252,3,4,2,4,3,2,3,3,4,2,1,4,3,2,3,4,4,3,2,3,3,3,2,2,kh.pq,kh.pt,nam.ngu,kh.hp,kh.tp,de.nhi,kh.cs,kh.ch,kh.ht,kh.bm,kh.cho,kh.nt,kh.hthanh,kh.kh,kh.th,kh.tt,kh.lt,nhua,t.xuyen,4,4,3,3,5,5,5,4,4,4,5,5,1997,South,female,full.time,university,22,20_24t
KS2_253,4,5,4,4,5,5,4,4,5,4,4,4,4,4,4,5,4,4,3,5,4,5,5,5,phu.quoc,kh.pt,kh.nn,kh.hp,kh.tp,kh.dnhi,kh.cs,kh.ch,kh.ht,kh.bm,kh.cho,kh.nt,kh.hthanh,kh.kh,kh.th,kh.tt,kh.lt,thuy.tinh,t.xuyen,3,4,4,4,3,3,4,4,3,4,3,3,1993,South,male,full.time,university,26,25_35t
KS2_254,4,5,3,5,4,3,4,4,5,2,5,5,2,3,4,5,5,4,3,4,4,4,3,3,kh.pq,kh.pt,nam.ngu,kh.hp,kh.tp,kh.dnhi,kh.cs,kh.ch,kh.ht,kh.bm,kh.cho,kh.nt,kh.hthanh,kh.kh,kh.th,kh.tt,kh.lt,nhua,tr.binh,3,4,4,4,3,4,4,4,3,5,4,4,1997,Middle,female,student,university,22,20_24t
KS2_255,4,4,3,5,4,3,3,4,4,3,3,4,3,4,3,5,3,2,3,4,5,5,4,4,kh.pq,kh.pt,kh.nn,kh.hp,kh.tp,kh.dnhi,kh.cs,kh.ch,hung.thinh,kh.bm,kh.cho,kh.nt,kh.hthanh,kh.kh,kh.th,tu.tuyet,lien.thanh,thuy.tinh,tr.binh,5,5,3,4,3,3,3,3,3,4,5,4,1983,North,female,full.time,university,36,>35t
KS2_256,5,4,3,3,3,4,4,3,5,5,4,4,4,3,4,5,4,3,3,4,3,4,4,4,phu.quoc,kh.pt,kh.nn,kh.hp,kh.tp,kh.dnhi,chinsu,kh.ch,kh.ht,kh.bm,kh.cho,kh.nt,kh.hthanh,kh.kh,kh.th,kh.tt,kh.lt,thuy.tinh,tr.binh,5,4,4,4,3,4,4,4,3,5,5,5,1996,Middle,female,full.time,university,23,20_24t
KS2_257,5,4,3,4,4,5,4,4,4,5,5,5,3,3,3,4,3,3,3,4,4,4,4,4,kh.pq,kh.pt,nam.ngu,kh.hp,kh.tp,kh.dnhi,chinsu,kh.ch,kh.ht,kh.bm,kh.cho,kh.nt,kh.hthanh,kh.kh,kh.th,kh.tt,kh.lt,nhua,th.th,3,4,3,4,4,5,4,3,4,5,4,4,1993,North,female,full.time,university,26,25_35t
KS2_258,3,3,4,3,4,4,3,4,5,5,5,5,4,3,3,4,4,4,4,5,4,5,5,5,kh.pq,kh.pt,nam.ngu,kh.hp,kh.tp,kh.dnhi,kh.cs,kh.ch,kh.ht,kh.bm,kh.cho,kh.nt,kh.hthanh,kh.kh,kh.th,kh.tt,kh.lt,nhua,th.th,3,5,5,3,4,4,5,3,3,4,4,4,1997,South,male,student,university,22,20_24t
KS2_259,4,4,4,4,4,4,5,3,5,3,4,3,3,4,4,4,4,4,3,4,4,5,4,5,kh.pq,kh.pt,nam.ngu,kh.hp,kh.tp,kh.dnhi,kh.cs,kh.ch,kh.ht,kh.bm,kh.cho,kh.nt,kh.hthanh,kh.kh,kh.th,kh.tt,kh.lt,nhua,t.xuyen,4,3,5,4,4,4,4,4,3,4,4,5,1995,Middle,male,full.time,university,24,20_24t
KS2_260,4,4,3,3,3,4,4,5,4,4,5,5,1,4,4,4,4,4,3,3,3,4,4,4,kh.pq,kh.pt,kh.nn,kh.hp,kh.tp,kh.dnhi,kh.cs,kh.ch,kh.ht,kh.bm,kh.cho,kh.nt,kh.hthanh,kh.kh,kh.th,kh.tt,lien.thanh,thuy.tinh,th.th,5,4,3,5,4,5,5,3,3,3,4,5,1997,South,female,part.time,university,22,20_24t
KS2_261,3,5,5,3,4,5,5,3,4,5,5,4,2,3,5,5,5,3,3,4,4,3,5,4,kh.pq,kh.pt,nam.ngu,kh.hp,kh.tp,kh.dnhi,kh.cs,kh.ch,kh.ht,kh.bm,kh.cho,kh.nt,kh.hthanh,kh.kh,kh.th,kh.tt,kh.lt,nhua,t.xuyen,3,5,3,5,3,5,5,4,3,5,3,5,1996,South,female,part.time,university,23,20_24t
KS2_262,4,4,4,4,4,3,3,4,4,3,5,5,2,3,4,4,3,4,3,3,3,4,3,4,phu.quoc,kh.pt,kh.nn,kh.hp,kh.tp,kh.dnhi,kh.cs,kh.ch,kh.ht,kh.bm,kh.cho,kh.nt,kh.hthanh,kh.kh,kh.th,kh.tt,kh.lt,thuy.tinh,t.xuyen,5,4,4,5,3,3,5,4,3,5,5,5,1997,South,female,student,university,22,20_24t
KS2_263,5,4,2,4,4,4,5,4,2,1,1,1,2,3,3,5,4,3,2,3,4,3,3,4,kh.pq,kh.pt,kh.nn,kh.hp,kh.tp,kh.dnhi,kh.cs,kh.ch,hung.thinh,kh.bm,kh.cho,kh.nt,kh.hthanh,kh.kh,kh.th,kh.tt,kh.lt,thuy.tinh,t.xuyen,4,4,3,5,3,5,4,3,4,4,4,5,1980,South,male,full.time,university,39,>35t
KS2_264,5,3,3,3,4,3,4,3,5,3,5,4,2,4,4,4,3,3,3,5,3,4,4,3,kh.pq,kh.pt,kh.nn,kh.hp,kh.tp,kh.dnhi,chinsu,kh.ch,kh.ht,kh.bm,kh.cho,kh.nt,kh.hthanh,kh.kh,kh.th,kh.tt,kh.lt,thuy.tinh,tr.binh,3,4,5,4,3,5,4,3,2,5,5,5,1997,Middle,female,student,university,22,20_24t
KS2_265,5,4,3,4,4,4,4,4,5,2,2,4,3,4,4,4,5,4,3,5,3,4,3,5,kh.pq,kh.pt,nam.ngu,kh.hp,kh.tp,kh.dnhi,kh.cs,kh.ch,kh.ht,kh.bm,kh.cho,kh.nt,kh.hthanh,k,kh.th,kh.tt,kh.lt,nhua,tr.binh,3,3,5,4,4,5,5,3,5,5,4,5,1996,South,female,part.time,university,23,20_24t
KS2_266,5,4,3,4,4,3,5,4,3,3,3,3,3,5,4,5,4,4,5,5,5,4,5,5,kh.pq,kh.pt,kh.nn,kh.hp,kh.tp,kh.dnhi,chinsu,kh.ch,kh.ht,kh.bm,kh.cho,kh.nt,kh.hthanh,,kh.th,kh.tt,kh.lt,thuy.tinh,t.xuyen,5,5,5,4,4,5,5,4,4,4,5,4,1997,Middle,female,part.time,university,22,20_24t
KS2_267,5,4,3,3,3,4,5,5,5,3,5,5,3,3,4,4,4,3,3,4,4,4,3,4,phu.quoc,kh.pt,kh.nn,kh.hp,kh.tp,kh.dnhi,kh.cs,kh.ch,kh.ht,kh.bm,kh.cho,kh.nt,kh.hthanh,,kh.th,kh.tt,kh.lt,thuy.tinh,t.xuyen,5,5,5,5,4,5,5,4,4,5,5,5,1997,South,female,student,university,22,20_24t
KS2_268,4,4,4,5,5,4,4,4,5,3,3,4,3,4,4,5,5,4,3,4,5,4,4,4,phu.quoc,kh.pt,nam.ngu,kh.hp,kh.tp,kh.dnhi,kh.cs,kh.ch,kh.ht,kh.bm,kh.cho,kh.nt,kh.hthanh,,kh.th,kh.tt,kh.lt,thuy.tinh,t.xuyen,5,5,4,5,5,3,5,2,3,5,4,5,1997,South,female,full.time,university,22,20_24t
KS2_269,4,4,3,3,4,4,3,3,5,4,4,4,4,4,4,5,3,3,3,4,4,4,4,4,kh.pq,kh.pt,kh.nn,kh.hp,kh.tp,kh.dnhi,kh.cs,kh.ch,kh.ht,kh.bm,kh.cho,kh.nt,kh.hthanh,,kh.th,kh.tt,lien.thanh,thuy.tinh,t.xuyen,5,4,2,4,2,3,3,5,3,5,5,4,1993,South,male,full.time,university,26,25_35t
KS2_270,4,4,3,4,4,3,4,3,5,3,3,4,3,3,4,5,4,3,3,5,4,4,4,3,kh.pq,kh.pt,kh.nn,kh.hp,kh.tp,kh.dnhi,kh.cs,kh.ch,kh.ht,kh.bm,kh.cho,kh.nt,kh.hthanh,,kh.th,kh.tt,lien.thanh,thuy.tinh,tr.binh,3,5,2,5,2,2,5,3,5,5,5,5,1989,South,male,student,university,30,25_35t
KS2_271,4,3,3,3,3,3,3,3,4,2,4,4,2,5,3,4,4,3,3,5,4,3,5,5,kh.pq,kh.pt,nam.ngu,kh.hp,kh.tp,kh.dnhi,kh.cs,kh.ch,kh.ht,kh.bm,kh.cho,kh.nt,kh.hthanh,,kh.th,kh.tt,kh.lt,nhua,tr.binh,3,3,4,3,3,4,4,4,3,4,4,4,1996,South,female,full.time,university,23,20_24t
KS2_272,4,4,3,4,3,4,4,4,4,4,3,5,4,4,3,4,4,4,4,4,4,3,4,4,kh.pq,kh.pt,nam.ngu,kh.hp,kh.tp,kh.dnhi,kh.cs,kh.ch,kh.ht,kh.bm,kh.cho,kh.nt,kh.hthanh,k,kh.th,kh.tt,kh.lt,nhua,t.xuyen,3,3,3,4,5,5,5,3,3,3,3,5,1996,North,male,full.time,university,23,20_24t
KS2_273,4,3,3,4,4,4,3,4,5,4,4,4,2,4,4,5,3,3,2,4,3,5,5,4,phu.quoc,kh.pt,kh.nn,kh.hp,kh.tp,kh.dnhi,kh.cs,kh.ch,kh.ht,kh.bm,kh.cho,kh.nt,kh.hthanh,k,kh.th,kh.tt,kh.lt,thuy.tinh,t.xuyen,3,3,5,3,4,4,5,4,4,3,4,5,1990,South,female,full.time,university,29,25_35t
KS2_274,5,5,3,4,4,5,5,3,4,3,4,4,2,3,5,5,5,4,3,4,3,5,4,4,kh.pq,kh.pt,nam.ngu,kh.hp,kh.tp,kh.dnhi,chinsu,kh.ch,kh.ht,kh.bm,kh.cho,kh.nt,kh.hthanh,k,kh.th,kh.tt,kh.lt,nhua,t.xuyen,3,3,2,4,4,5,4,4,3,4,4,4,1996,South,male,full.time,university,23,20_24t
KS2_275,4,4,3,4,3,4,4,4,5,2,3,5,3,4,3,5,3,4,4,5,3,4,4,5,kh.pq,kh.pt,kh.nn,kh.hp,kh.tp,kh.dnhi,kh.cs,kh.ch,hung.thinh,kh.bm,kh.cho,kh.nt,kh.hthanh,,kh.th,kh.tt,kh.lt,thuy.tinh,t.xuyen,4,4,5,5,4,5,5,5,2,4,4,5,1996,South,female,full.time,university,23,20_24t
KS2_276,5,4,4,5,4,4,5,3,4,4,3,5,3,5,4,4,3,3,3,4,3,4,4,4,kh.pq,kh.pt,kh.nn,kh.hp,kh.tp,de.nhi,chinsu,kh.ch,kh.ht,kh.bm,kh.cho,kh.nt,kh.hthanh,k,kh.th,kh.tt,kh.lt,nhua,t.xuyen,4,4,3,3,4,4,4,4,3,4,5,5,1997,South,female,part.time,university,22,20_24t
KS2_277,4,4,3,4,4,4,4,4,4,4,4,4,3,4,5,4,3,4,3,4,4,3,4,4,kh.pq,kh.pt,nam.ngu,kh.hp,kh.tp,kh.dnhi,kh.cs,kh.ch,kh.ht,kh.bm,kh.cho,kh.nt,kh.hthanh,,kh.th,kh.tt,kh.lt,nhua,t.xuyen,4,4,3,4,5,5,3,2,5,4,3,3,1997,South,female,part.time,university,22,20_24t
KS2_278,4,4,3,4,3,3,4,3,5,4,4,4,2,3,3,4,3,4,3,4,4,5,5,5,kh.pq,kh.pt,nam.ngu,kh.hp,kh.tp,de.nhi,kh.cs,kh.ch,kh.ht,kh.bm,kh.cho,kh.nt,kh.hthanh,,kh.th,kh.tt,kh.lt,nhua,t.xuyen,3,4,3,5,5,5,3,3,4,5,4,4,1997,South,male,student,university,22,20_24t
KS2_279,2,4,2,2,5,5,3,3,4,4,4,4,3,3,4,5,1,3,4,3,5,5,2,4,phu.quoc,kh.pt,nam.ngu,kh.hp,kh.tp,kh.dnhi,kh.cs,kh.ch,kh.ht,kh.bm,kh.cho,kh.nt,kh.hthanh,,kh.th,kh.tt,kh.lt,thuy.tinh,t.xuyen,4,4,4,3,3,2,3,3,3,4,3,3,1997,South,female,part.time,university,22,20_24t
KS2_280,4,4,3,4,3,4,3,4,3,3,2,3,3,4,4,4,2,3,3,3,3,4,3,4,kh.pq,kh.pt,nam.ngu,kh.hp,kh.tp,kh.dnhi,kh.cs,kh.ch,kh.ht,kh.bm,kh.cho,kh.nt,kh.hthanh,,kh.th,kh.tt,kh.lt,nhua,t.xuyen,3,3,5,3,4,5,5,5,4,4,4,4,1990,Middle,female,full.time,university,29,25_35t
KS2_281,4,4,4,4,4,3,2,5,4,4,4,4,2,4,5,4,2,4,4,4,3,3,5,5,kh.pq,kh.pt,nam.ngu,kh.hp,kh.tp,kh.dnhi,kh.cs,kh.ch,kh.ht,kh.bm,kh.cho,kh.nt,kh.hthanh,,kh.th,kh.tt,kh.lt,nhua,t.xuyen,2,2,4,3,4,4,3,4,5,4,5,4,1997,South,female,full.time,university,22,20_24t
KS2_282,4,3,3,4,4,2,4,4,5,4,3,3,4,3,3,4,5,4,5,5,5,5,5,5,kh.pq,kh.pt,nam.ngu,kh.hp,kh.tp,kh.dnhi,kh.cs,kh.ch,kh.ht,kh.bm,kh.cho,kh.nt,kh.hthanh,k,kh.th,kh.tt,kh.lt,nhua,t.xuyen,2,3,5,2,4,4,5,4,2,4,3,5,1994,South,female,full.time,university,25,25_35t
KS2_283,5,5,1,5,5,2,5,4,4,5,3,3,2,5,2,5,3,4,2,5,3,4,2,5,kh.pq,kh.pt,nam.ngu,kh.hp,kh.tp,kh.dnhi,kh.cs,kh.ch,kh.ht,kh.bm,kh.cho,kh.nt,kh.hthanh,,kh.th,kh.tt,kh.lt,nhua,t.xuyen,4,5,5,5,5,5,5,5,3,5,5,5,1994,South,male,full.time,university,25,25_35t
KS2_284,4,3,3,4,4,4,4,4,5,4,4,5,4,4,5,5,5,5,5,4,5,5,5,5,kh.pq,kh.pt,nam.ngu,kh.hp,kh.tp,kh.dnhi,kh.cs,kh.ch,kh.ht,kh.bm,kh.cho,kh.nt,kh.hthanh,,kh.th,kh.tt,kh.lt,nhua,tr.binh,2,2,5,3,4,5,5,5,4,4,5,5,1997,South,female,full.time,university,22,20_24t
KS2_285,4,5,4,4,4,4,5,3,4,4,4,4,5,5,5,5,5,4,3,4,4,4,4,5,kh.pq,kh.pt,nam.ngu,kh.hp,kh.tp,kh.dnhi,kh.cs,kh.ch,kh.ht,kh.bm,kh.cho,kh.nt,kh.hthanh,,kh.th,kh.tt,kh.lt,nhua,th.th,4,3,5,5,5,5,4,5,3,4,3,4,1996,South,male,full.time,university,23,20_24t
KS2_286,4,4,3,4,3,4,4,5,5,4,4,5,2,4,3,5,3,4,3,4,5,4,5,5,kh.pq,kh.pt,nam.ngu,kh.hp,kh.tp,de.nhi,kh.cs,kh.ch,kh.ht,kh.bm,kh.cho,kh.nt,kh.hthanh,,kh.th,kh.tt,kh.lt,nhua,t.xuyen,4,3,5,4,5,5,5,5,5,4,5,5,1989,South,female,full.time,university,30,25_35t
KS2_287,4,4,4,5,4,4,4,4,4,3,4,4,3,4,4,5,5,5,5,4,4,5,5,5,phu.quoc,kh.pt,nam.ngu,kh.hp,kh.tp,kh.dnhi,kh.cs,kh.ch,kh.ht,kh.bm,kh.cho,kh.nt,kh.hthanh,k,kh.th,kh.tt,kh.lt,thuy.tinh,t.xuyen,5,5,4,5,4,5,5,5,4,5,5,4,1996,South,male,full.time,university,23,20_24t
KS2_288,4,5,4,5,5,4,5,5,4,3,2,3,4,5,4,3,4,4,5,5,4,4,5,2,kh.pq,kh.pt,kh.nn,kh.hp,kh.tp,kh.dnhi,kh.cs,kh.ch,hung.thinh,kh.bm,kh.cho,nha.trang,kh.hthanh,,kh.th,kh.tt,kh.lt,thuy.tinh,t.xuyen,4,3,3,3,2,4,2,2,5,3,2,2,1973,South,female,full.time,university,46,>35t
KS2_289,4,4,3,4,3,4,4,3,2,2,2,1,2,3,3,5,3,3,2,3,4,4,3,3,phu.quoc,kh.pt,kh.nn,kh.hp,kh.tp,kh.dnhi,kh.cs,kh.ch,kh.ht,kh.bm,kh.cho,nha.trang,kh.hthanh,,kh.th,kh.tt,kh.lt,thuy.tinh,t.xuyen,5,4,4,4,3,2,4,5,3,5,5,3,1988,South,female,full.time,university,31,25_35t
KS2_290,3,4,2,3,3,4,2,4,4,4,3,4,3,2,3,3,2,4,3,5,4,4,5,5,kh.pq,kh.pt,nam.ngu,kh.hp,kh.tp,kh.dnhi,kh.cs,kh.ch,kh.ht,kh.bm,kh.cho,kh.nt,kh.hthanh,,kh.th,kh.tt,kh.lt,nhua,t.xuyen,3,3,2,2,4,5,3,4,5,3,3,2,1996,Middle,female,full.time,university,23,20_24t
KS2_291,3,3,4,3,4,3,3,4,5,4,4,5,4,3,4,5,2,4,4,3,5,4,4,4,kh.pq,kh.pt,kh.nn,kh.hp,kh.tp,de.nhi,kh.cs,kh.ch,kh.ht,kh.bm,kh.cho,kh.nt,kh.hthanh,,kh.th,kh.tt,kh.lt,nhua,th.th,2,3,4,5,4,4,5,4,4,3,3,4,1997,South,male,full.time,university,22,20_24t
KS2_292,4,4,2,4,3,3,2,5,2,3,4,3,2,3,4,5,3,4,3,3,4,3,5,5,kh.pq,kh.pt,nam.ngu,kh.hp,kh.tp,kh.dnhi,kh.cs,kh.ch,kh.ht,kh.bm,kh.cho,kh.nt,kh.hthanh,,kh.th,kh.tt,kh.lt,nhua,t.xuyen,3,5,5,3,5,5,5,5,3,4,5,5,1997,South,female,student,university,22,20_24t
KS2_293,5,4,2,2,3,4,3,4,4,4,4,4,4,3,5,5,2,5,3,4,4,3,3,2,kh.pq,kh.pt,kh.nn,kh.hp,kh.tp,kh.dnhi,chinsu,kh.ch,kh.ht,kh.bm,kh.cho,kh.nt,kh.hthanh,,kh.th,kh.tt,kh.lt,thuy.tinh,tr.binh,4,3,5,4,4,4,4,4,2,5,4,5,1992,North,male,full.time,university,27,25_35t
KS2_294,5,3,3,3,4,4,4,3,5,4,4,5,5,3,3,3,5,3,4,4,3,3,3,3,kh.pq,kh.pt,nam.ngu,kh.hp,kh.tp,kh.dnhi,chinsu,kh.ch,kh.ht,kh.bm,kh.cho,kh.nt,kh.hthanh,,kh.th,kh.tt,kh.lt,thuy.tinh,t.xuyen,4,3,5,3,5,3,5,4,2,4,5,5,1997,Middle,female,full.time,university,22,20_24t
KS2_295,5,5,2,3,5,5,5,5,4,4,4,5,3,2,2,4,4,5,4,3,3,4,4,3,kh.pq,kh.pt,kh.nn,kh.hp,kh.tp,kh.dnhi,kh.cs,kh.ch,hung.thinh,kh.bm,kh.cho,kh.nt,kh.hthanh,,kh.th,kh.tt,kh.lt,thuy.tinh,t.xuyen,5,5,5,5,5,3,4,5,4,5,5,5,1991,South,female,full.time,university,28,25_35t
KS2_296,5,5,3,2,3,4,5,3,5,3,3,4,3,5,4,5,2,4,2,5,5,5,4,3,kh.pq,phan.thiet,kh.nn,kh.hp,kh.tp,kh.dnhi,kh.cs,kh.ch,kh.ht,kh.bm,kh.cho,kh.nt,kh.hthanh,,kh.th,kh.tt,kh.lt,thuy.tinh,tr.binh,5,5,5,3,4,3,5,4,3,4,5,5,1997,South,male,student,university,22,20_24t
KS2_297,3,4,3,3,3,3,3,4,4,3,4,4,4,3,3,4,1,3,3,4,3,3,4,4,kh.pq,kh.pt,nam.ngu,kh.hp,kh.tp,kh.dnhi,kh.cs,kh.ch,kh.ht,kh.bm,kh.cho,kh.nt,kh.hthanh,,kh.th,kh.tt,kh.lt,nhua,t.xuyen,2,3,3,3,4,4,4,3,3,4,4,4,1997,South,female,student,university,22,20_24t
KS2_298,5,4,4,4,4,5,4,4,4,4,4,5,4,5,5,5,4,4,3,4,4,5,4,4,kh.pq,kh.pt,kh.nn,kh.hp,kh.tp,kh.dnhi,kh.cs,kh.ch,kh.ht,kh.bm,kh.cho,kh.nt,kh.hthanh,,kh.th,kh.tt,lien.thanh,nhua,t.xuyen,5,5,4,5,5,5,5,5,4,5,5,5,1996,Middle,female,full.time,university,23,20_24t
KS2_299,4,4,3,3,4,4,5,3,5,5,5,5,3,4,4,5,4,3,3,4,3,5,4,4,kh.pq,kh.pt,nam.ngu,kh.hp,kh.tp,kh.dnhi,kh.cs,kh.ch,kh.ht,kh.bm,kh.cho,kh.nt,kh.hthanh,,kh.th,kh.tt,kh.lt,nhua,tr.binh,4,4,4,5,5,5,4,2,2,5,5,5,1996,South,female,part.time,university,23,20_24t
KS2_300,4,4,3,3,4,4,5,5,4,5,5,5,4,5,5,5,5,4,5,5,4,4,4,5,kh.pq,kh.pt,nam.ngu,kh.hp,kh.tp,kh.dnhi,kh.cs,kh.ch,kh.ht,kh.bm,kh.cho,kh.nt,kh.hthanh,,kh.th,kh.tt,kh.lt,nhua,tr.binh,3,5,5,4,5,5,5,5,4,5,5,5,1997,Middle,female,full.time,university,22,20_24t
